event_id,organizer_id,event_name,event_type,venue,region,event_date
EVT00001,ORG001,Premier Concert East Victorialand 2019,Music,Mayer-Jones,California,2019-09-23
EVT00002,ORG020,Premier Concert West Omar 2020,Sports,Gregory-Graham,Florida,2020-05-11
EVT00003,ORG011,Ultimate Summit Rossbury 2019,Sports,May Group,Illinois,2019-03-21
EVT00004,ORG001,National Awards New Amanda 2019,Festival,Shaw-Middleton,California,2019-12-10
EVT00005,ORG006,International Summit East Kristopherchester 2019,Music,Serrano-Wood,California,2019-05-22
EVT00006,ORG004,International Summit Rachelhaven 2020,Sports,Becker Group,Illinois,2020-12-11
EVT00007,ORG014,World Showcase Bryanview 2020,Music,Lynch-Salazar,California,2020-02-29
EVT00008,ORG018,Global Summit East Scottland 2020,Music,Suarez LLC,California,2020-03-01
EVT00009,ORG018,Grand Championship East Ericton 2020,Music,"Hoover, Freeman and Norris",California,2020-02-03
EVT00010,ORG005,City Championship Sandershaven 2020,Business,Mendoza-Butler,Illinois,2020-01-25
EVT00011,ORG003,World Expo Allenview 2019,Sports,Pierce-Wilcox,Texas,2019-11-02
EVT00012,ORG015,Grand Summit Dawnport 2020,Theater,Rivas-Wells,New York,2020-07-13
EVT00013,ORG010,Ultimate Expo Castrofort 2019,Sports,Edwards LLC,Illinois,2019-08-13
EVT00014,ORG006,World Showcase East Calvinland 2019,Music,Hill LLC,California,2019-01-30
EVT00015,ORG015,World Conference Longshire 2020,Theater,Arnold Ltd,New York,2020-11-26
EVT00016,ORG007,Grand Awards Lake Katherine 2019,Music,Norman Inc,California,2019-05-11
EVT00017,ORG015,Grand Experience North Miguelburgh 2020,Business,Mathews-Dickson,New York,2020-02-08
EVT00018,ORG008,Annual Expo Robertchester 2019,Business,Perkins-Valentine,Texas,2019-01-28
EVT00019,ORG009,International Championship Nunezside 2020,Music,Solis Ltd,Illinois,2020-04-17
EVT00020,ORG018,National Summit South Tyler 2020,Festival,"Lowe, Cooper and Morrow",California,2020-01-24
EVT00021,ORG014,National Expo East Sara 2019,Music,Marshall Ltd,California,2019-12-01
EVT00022,ORG005,Ultimate Festival New Marissaville 2020,Sports,Lowe-Black,Illinois,2020-03-07
EVT00023,ORG003,Elite Championship Savannahton 2019,Sports,"Roth, George and Guerrero",Texas,2019-01-20
EVT00024,ORG004,Annual Championship North Sarahberg 2019,Sports,"Wallace, Williams and Lindsey",Illinois,2019-08-18
EVT00025,ORG019,Premier Championship North Aprilchester 2019,Business,"Brown, Mendez and Rodriguez",New York,2019-09-11
EVT00026,ORG006,International Tournament Stevenview 2019,Music,Marshall Group,California,2019-09-02
EVT00027,ORG011,Grand Summit Jordanside 2019,Business,Long-Rios,Illinois,2019-04-28
EVT00028,ORG006,Ultimate Showcase Jessicaport 2020,Music,"Oliver, Torres and Smith",California,2020-12-17
EVT00029,ORG013,Grand Festival Petermouth 2020,Music,"Fry, Lopez and Lopez",Illinois,2020-09-12
EVT00030,ORG015,Annual Experience Martinport 2019,Business,"Ramirez, Nunez and Nguyen",New York,2019-11-15
EVT00031,ORG002,Grand Expo Gardnerton 2019,Sports,Turner Group,Texas,2019-11-16
EVT00032,ORG013,Annual Experience New Gabriel 2019,Sports,Mccoy and Sons,Illinois,2019-07-23
EVT00033,ORG017,Premier Festival Kennedyview 2020,Business,Franco PLC,Texas,2020-10-04
EVT00034,ORG011,Grand Festival Perezstad 2019,Business,Cox Ltd,Illinois,2019-11-05
EVT00035,ORG011,National Awards Jenniferfort 2019,Business,"James, Ellis and Wood",Illinois,2019-02-12
EVT00036,ORG011,National Festival Castillomouth 2020,Sports,Bryan-Scott,Illinois,2020-11-08
EVT00037,ORG008,National Championship Kellershire 2020,Business,Padilla Ltd,Texas,2020-10-25
EVT00038,ORG003,Annual Expo Taylorburgh 2020,Sports,Watts-Duarte,Texas,2020-05-16
EVT00039,ORG004,City Conference Marvinton 2020,Sports,"Phillips, Simon and Guzman",Illinois,2020-10-12
EVT00040,ORG016,Elite Concert Michelleburgh 2019,Music,"Douglas, Francis and Smith",Florida,2019-06-30
EVT00041,ORG015,City Tournament Wigginsstad 2020,Theater,"Martin, Odom and Navarro",New York,2020-07-05
EVT00042,ORG013,Ultimate Showcase Brownview 2020,Sports,"Page, Adams and Holloway",Illinois,2020-08-29
EVT00043,ORG005,Ultimate Tournament Pennyside 2019,Music,Hughes-Maldonado,Illinois,2019-03-30
EVT00044,ORG013,Grand Experience West Bethmouth 2020,Music,Ruiz Inc,Illinois,2020-04-20
EVT00045,ORG013,National Championship Jennamouth 2020,Business,Bryant-Grant,Illinois,2020-01-24
EVT00046,ORG008,International Tournament Alisonborough 2019,Sports,Woodward PLC,Texas,2019-11-29
EVT00047,ORG012,Ultimate Showcase East Joe 2019,Sports,"Johnston, Black and Rodriguez",Texas,2019-12-30
EVT00048,ORG017,Ultimate Awards New Edwardshire 2020,Sports,Richards-Nguyen,Texas,2020-09-02
EVT00049,ORG008,Premier Festival Christopherville 2020,Sports,Serrano PLC,Texas,2020-06-13
EVT00050,ORG003,City Awards South Anna 2020,Sports,Schmidt Ltd,Texas,2020-02-21
EVT00051,ORG001,City Tournament South Malik 2020,Music,"Gonzalez, Thomas and Le",California,2020-12-08
EVT00052,ORG007,Annual Concert Millerchester 2019,Music,Bond PLC,California,2019-01-18
EVT00053,ORG012,Premier Concert Jeanettemouth 2020,Sports,Jones-Francis,Texas,2020-02-19
EVT00054,ORG012,National Tournament New Aliciatown 2020,Business,"Pierce, Duffy and Holmes",Texas,2020-08-18
EVT00055,ORG018,Elite Showcase Elliottstad 2020,Festival,Taylor Group,California,2020-03-11
EVT00056,ORG020,City Concert Helenfort 2020,Music,"Oconnor, Smith and Edwards",Florida,2020-12-20
EVT00057,ORG016,Premier Festival West Jamesfort 2019,Music,"Garner, Myers and Kim",Florida,2019-09-15
EVT00058,ORG012,National Festival Leonardborough 2019,Business,Cameron-Wheeler,Texas,2019-07-17
EVT00059,ORG007,Premier Tournament Port Stephaniefort 2019,Music,"Robertson, Rice and Gonzalez",California,2019-07-16
EVT00060,ORG005,Elite Experience East Mitchell 2020,Sports,"Jones, Blankenship and Baker",Illinois,2020-08-26
EVT00061,ORG004,Premier Concert Nathanielside 2019,Sports,Mcdonald Ltd,Illinois,2019-04-13
EVT00062,ORG011,International Concert Courtneyside 2020,Music,Watson-Wyatt,Illinois,2020-01-05
EVT00063,ORG014,Elite Conference Romeroburgh 2020,Music,Klein LLC,California,2020-12-26
EVT00064,ORG012,Global Awards North Colin 2019,Sports,"Trujillo, Scott and Johnson",Texas,2019-02-16
EVT00065,ORG020,International Tournament Port Leah 2020,Music,Avila LLC,Florida,2020-12-15
EVT00066,ORG008,Grand Concert Scottport 2019,Sports,Mckinney Ltd,Texas,2019-01-13
EVT00067,ORG007,City Showcase North Theresahaven 2020,Music,Harrell PLC,California,2020-05-05
EVT00068,ORG008,Ultimate Tournament Alexanderview 2019,Sports,Ramirez Group,Texas,2019-02-22
EVT00069,ORG013,World Tournament Jacksonview 2019,Music,Davidson Inc,Illinois,2019-03-08
EVT00070,ORG006,Global Conference Jeffreyside 2020,Music,Torres PLC,California,2020-08-13
EVT00071,ORG007,Ultimate Festival New Josephchester 2020,Music,"Wright, Ford and Jenkins",California,2020-07-30
EVT00072,ORG003,Elite Expo Port Brett 2019,Sports,Atkins Group,Texas,2019-05-02
EVT00073,ORG009,Grand Summit West Brenda 2020,Business,Kelly PLC,Illinois,2020-09-02
EVT00074,ORG010,City Tournament Kevinview 2020,Business,"Hubbard, Collins and Coleman",Illinois,2020-01-25
EVT00075,ORG009,World Concert New Christina 2020,Sports,"Allen, Fletcher and Campbell",Illinois,2020-08-25
EVT00076,ORG013,Global Experience West Kenneth 2020,Business,Rodriguez LLC,Illinois,2020-09-27
EVT00077,ORG008,Premier Summit New Kyle 2019,Business,Tucker Group,Texas,2019-04-12
EVT00078,ORG006,Annual Conference West Robertmouth 2020,Festival,Fitzpatrick-Hensley,California,2020-11-07
EVT00079,ORG003,Elite Festival Port Mark 2019,Sports,Mcdaniel-Mack,Texas,2019-06-27
EVT00080,ORG014,World Tournament West Monica 2019,Music,West LLC,California,2019-01-03
EVT00081,ORG010,City Concert Port Vernon 2020,Business,"Huffman, Tanner and Callahan",Illinois,2020-08-31
EVT00082,ORG010,Ultimate Concert West Mauriceport 2019,Music,Kelly-Berry,Illinois,2019-08-26
EVT00083,ORG004,Annual Summit Yumouth 2020,Business,Sanchez-Lewis,Illinois,2020-04-09
EVT00084,ORG015,Grand Summit West Michaelport 2020,Business,Davis-Stewart,New York,2020-10-02
EVT00085,ORG006,Elite Summit New Beth 2019,Music,Mcpherson Inc,California,2019-04-28
EVT00086,ORG003,Ultimate Conference Port Nancyburgh 2019,Business,Blackwell and Sons,Texas,2019-06-02
EVT00087,ORG016,International Concert Sharonhaven 2019,Festival,"Jones, Petersen and Townsend",Florida,2019-03-03
EVT00088,ORG016,Ultimate Tournament South Casey 2020,Sports,Palmer Ltd,Florida,2020-08-05
EVT00089,ORG006,Ultimate Expo Jenniferchester 2020,Music,"Cruz, Taylor and Cooper",California,2020-04-24
EVT00090,ORG013,Elite Tournament Jamesberg 2020,Sports,Anderson LLC,Illinois,2020-05-27
EVT00091,ORG006,Grand Championship South Jasonhaven 2019,Music,Perry Group,California,2019-03-24
EVT00092,ORG016,Grand Concert Penningtonview 2019,Music,Young-Johnson,Florida,2019-11-27
EVT00093,ORG010,Premier Experience New Dustin 2019,Music,Richards-Peterson,Illinois,2019-04-04
EVT00094,ORG010,Ultimate Experience Martinezland 2019,Business,"Delgado, Miranda and Ingram",Illinois,2019-01-22
EVT00095,ORG008,City Awards New Sarahchester 2019,Sports,Harmon-Carey,Texas,2019-06-29
EVT00096,ORG007,International Experience Lesliemouth 2019,Music,"Gonzalez, Griffith and Robertson",California,2019-10-12
EVT00097,ORG013,City Festival Boyerville 2020,Sports,Hughes-Rodriguez,Illinois,2020-10-12
EVT00098,ORG011,World Showcase Josephmouth 2019,Sports,Bowers-Torres,Illinois,2019-12-23
EVT00099,ORG014,Annual Conference New Melodyton 2020,Festival,"Allen, Matthews and Manning",California,2020-11-17
EVT00100,ORG011,City Concert New Amanda 2020,Sports,Hall and Sons,Illinois,2020-02-26
EVT00101,ORG016,Elite Championship Sanderstown 2020,Sports,Stone-Cruz,Florida,2020-02-15
EVT00102,ORG018,National Concert Port Danielleview 2019,Music,Tucker Ltd,California,2019-04-01
EVT00103,ORG010,World Awards Melissafort 2019,Sports,Reed-Sullivan,Illinois,2019-04-29
EVT00104,ORG013,Elite Tournament North Allison 2020,Music,Mendez-Kelly,Illinois,2020-11-04
EVT00105,ORG010,Premier Awards Waltermouth 2019,Sports,"Byrd, Duncan and Elliott",Illinois,2019-02-25
EVT00106,ORG016,City Tournament South Angelicaside 2020,Music,Roberts Ltd,Florida,2020-09-29
EVT00107,ORG009,Ultimate Awards West Mark 2019,Music,Rivera-Williams,Illinois,2019-07-28
EVT00108,ORG008,City Tournament Vegahaven 2019,Sports,Fernandez-Hickman,Texas,2019-10-22
EVT00109,ORG017,Grand Summit Port Maryborough 2019,Sports,"Levy, Wiley and Smith",Texas,2019-01-30
EVT00110,ORG019,Ultimate Awards Davidville 2019,Theater,"Mccormick, Anderson and Rojas",New York,2019-06-12
EVT00111,ORG016,World Festival Lake Kyle 2020,Festival,"Graham, Juarez and Hampton",Florida,2020-07-19
EVT00112,ORG008,City Festival New Pamelaberg 2019,Sports,Hanson-Harper,Texas,2019-04-27
EVT00113,ORG002,City Concert Robertstad 2019,Business,Sullivan Inc,Texas,2019-06-07
EVT00114,ORG013,Ultimate Expo South Carl 2020,Business,Thomas-Chang,Illinois,2020-12-23
EVT00115,ORG009,Premier Tournament East Gavin 2020,Sports,"Key, Wang and Higgins",Illinois,2020-04-28
EVT00116,ORG012,World Summit South Lindsay 2019,Business,West PLC,Texas,2019-05-29
EVT00117,ORG005,International Festival Robynland 2020,Business,Hunt Group,Illinois,2020-06-04
EVT00118,ORG016,National Awards Hughesville 2020,Music,Burke PLC,Florida,2020-02-29
EVT00119,ORG014,Ultimate Concert Bradleyview 2019,Festival,"Brown, Rangel and Wagner",California,2019-01-03
EVT00120,ORG017,City Conference Smithmouth 2020,Business,Velazquez Group,Texas,2020-08-16
EVT00121,ORG008,City Showcase East Markborough 2020,Sports,"Brown, Flores and Mills",Texas,2020-07-05
EVT00122,ORG002,Elite Expo Garciabury 2020,Sports,Bennett-Rasmussen,Texas,2020-07-19
EVT00123,ORG017,Premier Summit North Emilyborough 2019,Sports,Clark-Young,Texas,2019-11-26
EVT00124,ORG009,Premier Expo East Stephaniefort 2020,Business,"Jackson, Owens and Contreras",Illinois,2020-01-28
EVT00125,ORG002,City Expo New Robertshire 2019,Sports,Moore-Willis,Texas,2019-11-22
EVT00126,ORG009,International Tournament Gravesville 2020,Sports,"Williams, Bailey and Rodriguez",Illinois,2020-11-10
EVT00127,ORG018,Elite Experience Welchstad 2019,Music,Waller-Stanton,California,2019-05-10
EVT00128,ORG013,City Festival Port Jeremyton 2019,Sports,Blanchard-Taylor,Illinois,2019-04-13
EVT00129,ORG005,Global Conference Williamsland 2020,Business,Ward LLC,Illinois,2020-04-12
EVT00130,ORG015,International Festival New Molly 2020,Business,Jones Ltd,New York,2020-11-01
EVT00131,ORG019,National Experience Nguyenport 2019,Business,"Hodge, Becker and Williams",New York,2019-09-29
EVT00132,ORG013,Annual Showcase South Billy 2020,Business,Waters Group,Illinois,2020-02-12
EVT00133,ORG001,City Awards Johnsonfort 2019,Music,Buck-Smith,California,2019-11-21
EVT00134,ORG008,Annual Summit Sandraburgh 2020,Sports,"George, Mitchell and Bowers",Texas,2020-09-24
EVT00135,ORG013,Ultimate Summit Franklinchester 2020,Business,Brooks-Graves,Illinois,2020-12-01
EVT00136,ORG011,World Festival Aliciafurt 2019,Business,Hall Inc,Illinois,2019-04-03
EVT00137,ORG006,International Concert Lake Randymouth 2020,Music,Decker-Hester,California,2020-03-30
EVT00138,ORG001,National Championship Kimberlystad 2019,Music,"Garza, Howard and Hubbard",California,2019-02-17
EVT00139,ORG005,National Expo New Shawnburgh 2020,Sports,"Harper, Wolfe and Esparza",Illinois,2020-01-03
EVT00140,ORG017,Elite Expo Lake Jamesfort 2019,Sports,Jones Ltd,Texas,2019-09-08
EVT00141,ORG020,International Conference West Kelly 2020,Sports,Gallegos-Gentry,Florida,2020-11-29
EVT00142,ORG018,Grand Expo Elizabethtown 2019,Music,Kelly-Stone,California,2019-03-22
EVT00143,ORG009,Premier Tournament Port Adrienne 2020,Business,Dixon Inc,Illinois,2020-11-30
EVT00144,ORG009,Premier Tournament Johntown 2019,Business,Osborne Inc,Illinois,2019-05-27
EVT00145,ORG008,City Concert North Linda 2019,Business,Keith Ltd,Texas,2019-09-18
EVT00146,ORG007,Ultimate Awards South Julie 2020,Music,Jackson PLC,California,2020-04-21
EVT00147,ORG013,City Showcase Cantufort 2019,Music,Lindsey LLC,Illinois,2019-03-17
EVT00148,ORG011,World Concert North Debra 2019,Business,Chan Ltd,Illinois,2019-11-03
EVT00149,ORG008,Premier Expo West Caseyton 2019,Sports,James PLC,Texas,2019-11-06
EVT00150,ORG013,Premier Expo Floresview 2019,Sports,"White, Sherman and Harris",Illinois,2019-04-20
EVT00151,ORG016,Grand Concert Arellanoton 2020,Sports,Johnson-Nunez,Florida,2020-01-03
EVT00152,ORG020,Global Expo Jerrybury 2019,Sports,Watson PLC,Florida,2019-10-30
EVT00153,ORG005,Grand Championship West Gina 2019,Sports,"Moore, Palmer and Walker",Illinois,2019-01-09
EVT00154,ORG003,Ultimate Summit West Brandiville 2020,Business,"Mcneil, Williams and Salinas",Texas,2020-05-23
EVT00155,ORG015,Premier Summit West Christine 2019,Theater,"Park, Glass and Harding",New York,2019-12-27
EVT00156,ORG015,International Festival Fieldshaven 2019,Theater,Swanson LLC,New York,2019-09-14
EVT00157,ORG017,Global Concert East Jake 2020,Business,"Hammond, Scott and Hahn",Texas,2020-10-23
EVT00158,ORG012,Grand Showcase North Todd 2019,Sports,Clark Inc,Texas,2019-02-04
EVT00159,ORG005,Annual Concert South Katie 2019,Business,Griffin Ltd,Illinois,2019-05-15
EVT00160,ORG006,International Summit Lake Austinbury 2020,Festival,"Parks, Randolph and Green",California,2020-03-01
EVT00161,ORG018,National Awards South Caitlinton 2020,Music,Park PLC,California,2020-07-06
EVT00162,ORG016,International Concert Carsonstad 2019,Sports,"Anthony, Cook and Mcmillan",Florida,2019-10-07
EVT00163,ORG007,National Festival West Ashleymouth 2019,Music,Bright Group,California,2019-10-30
EVT00164,ORG014,International Summit Port Keith 2019,Music,Hart-Proctor,California,2019-03-19
EVT00165,ORG018,National Festival Christopherland 2020,Music,Martin-Edwards,California,2020-07-24
EVT00166,ORG015,Ultimate Awards North Frankstad 2019,Business,Kelley Inc,New York,2019-01-15
EVT00167,ORG019,National Concert Meltonville 2020,Business,"Aguilar, Jackson and Dawson",New York,2020-04-10
EVT00168,ORG004,National Festival Smithborough 2020,Business,Green-Johns,Illinois,2020-01-26
EVT00169,ORG010,City Championship Mendezburgh 2019,Business,"Gill, Lee and Pope",Illinois,2019-08-28
EVT00170,ORG012,National Experience Williamschester 2020,Business,Hayes Inc,Texas,2020-07-28
EVT00171,ORG013,Annual Tournament North Andrew 2020,Music,Ross Inc,Illinois,2020-10-25
EVT00172,ORG010,World Festival West Alexis 2019,Business,"Solis, Mendez and Miller",Illinois,2019-11-06
EVT00173,ORG014,Global Concert South Sean 2019,Music,Thomas-Young,California,2019-02-16
EVT00174,ORG007,Annual Summit Riverafort 2019,Music,Mills Inc,California,2019-04-29
EVT00175,ORG010,World Tournament Daniellechester 2019,Business,Martinez-Mcbride,Illinois,2019-05-19
EVT00176,ORG004,Elite Expo New Dustinton 2020,Sports,Brown PLC,Illinois,2020-11-17
EVT00177,ORG011,World Festival Port Toddtown 2019,Business,Shelton-Perry,Illinois,2019-06-08
EVT00178,ORG008,World Concert North Katelynbury 2020,Sports,Green LLC,Texas,2020-09-22
EVT00179,ORG005,National Summit New Reginaldbury 2020,Music,Lloyd Ltd,Illinois,2020-12-07
EVT00180,ORG010,Premier Showcase Port Williammouth 2020,Sports,"Zhang, Simon and Boone",Illinois,2020-03-31
EVT00181,ORG015,National Awards Stephanieberg 2020,Business,Zhang-Mueller,New York,2020-12-03
EVT00182,ORG018,World Concert Michaelland 2019,Festival,Matthews-Mendoza,California,2019-03-04
EVT00183,ORG009,City Festival Jasonton 2019,Music,"Barron, Hayes and Baird",Illinois,2019-05-06
EVT00184,ORG019,Grand Championship Mendozaview 2019,Theater,"Gibson, Decker and Bond",New York,2019-08-06
EVT00185,ORG009,Premier Conference Port Danny 2019,Music,Proctor-Cook,Illinois,2019-12-08
EVT00186,ORG011,Annual Awards West Jamesfort 2019,Business,Woods-Bryan,Illinois,2019-07-30
EVT00187,ORG020,Premier Summit North Anthonystad 2020,Festival,Clark LLC,Florida,2020-08-23
EVT00188,ORG015,Grand Championship North Derricktown 2019,Business,"Bruce, Hill and Bruce",New York,2019-06-01
EVT00189,ORG003,International Awards New Angel 2019,Sports,Pacheco PLC,Texas,2019-05-29
EVT00190,ORG002,Annual Championship South Deanmouth 2019,Sports,Stanton-Franco,Texas,2019-06-28
EVT00191,ORG002,National Summit South Paul 2019,Sports,Jones-Walker,Texas,2019-01-16
EVT00192,ORG009,Global Conference Miatown 2019,Business,"Cantrell, Hernandez and Castaneda",Illinois,2019-11-28
EVT00193,ORG011,International Expo North Kristinafort 2019,Sports,Richmond-Russell,Illinois,2019-02-23
EVT00194,ORG012,Annual Tournament West Christine 2019,Business,Taylor PLC,Texas,2019-04-27
EVT00195,ORG011,Elite Experience New Amanda 2020,Sports,Garner-Oconnor,Illinois,2020-01-06
EVT00196,ORG010,Elite Summit Duncanberg 2020,Music,Mcfarland-Colon,Illinois,2020-04-07
EVT00197,ORG012,Elite Concert Allenhaven 2019,Business,Evans-Fields,Texas,2019-02-14
EVT00198,ORG017,Global Championship New Christophermouth 2020,Sports,Berger-Watkins,Texas,2020-10-20
EVT00199,ORG014,World Festival North Samanthaborough 2020,Music,"Rojas, York and Newton",California,2020-02-16
EVT00200,ORG009,City Festival Simshaven 2020,Sports,Hall-Rollins,Illinois,2020-12-30
EVT00201,ORG007,Grand Conference Jenningstown 2019,Music,Murillo-Sutton,California,2019-11-26
EVT00202,ORG008,Ultimate Experience Lake Deborahfort 2019,Sports,"Grant, Cruz and Brooks",Texas,2019-05-10
EVT00203,ORG003,Elite Showcase North Ericburgh 2020,Business,"Hopkins, Briggs and Hernandez",Texas,2020-08-22
EVT00204,ORG002,Elite Concert Lopezberg 2020,Sports,"Owens, Cook and Hanson",Texas,2020-09-03
EVT00205,ORG018,Grand Expo Shauntown 2020,Music,"Frost, Mora and Thompson",California,2020-06-01
EVT00206,ORG005,Annual Awards East Melissatown 2020,Music,Jacobs LLC,Illinois,2020-12-19
EVT00207,ORG017,World Tournament Anaport 2019,Business,Anderson-Perez,Texas,2019-08-09
EVT00208,ORG002,National Tournament Mcdowellton 2020,Sports,Phillips-Terrell,Texas,2020-02-28
EVT00209,ORG006,Annual Showcase New Christopher 2020,Music,Guerrero-Mitchell,California,2020-03-01
EVT00210,ORG002,Ultimate Showcase Port Nicole 2019,Sports,Garcia-Jones,Texas,2019-11-17
EVT00211,ORG007,City Festival West Edward 2020,Music,Webb Group,California,2020-12-04
EVT00212,ORG012,Annual Expo Valdezshire 2019,Sports,"Martinez, Werner and Castillo",Texas,2019-03-29
EVT00213,ORG018,International Awards Hesterton 2020,Music,Kim and Sons,California,2020-01-17
EVT00214,ORG010,Elite Awards Port Taraborough 2020,Music,Sanchez Group,Illinois,2020-08-23
EVT00215,ORG003,Annual Expo Joshuaville 2020,Sports,Brooks LLC,Texas,2020-11-17
EVT00216,ORG018,World Championship Nealborough 2020,Festival,"Barnes, Gonzalez and Andrews",California,2020-11-12
EVT00217,ORG008,Ultimate Showcase Julietown 2020,Sports,"Cabrera, Mayo and Guerrero",Texas,2020-09-06
EVT00218,ORG011,Elite Summit Michelebury 2020,Music,Washington Ltd,Illinois,2020-08-14
EVT00219,ORG007,City Summit Lake Jessestad 2020,Music,Murillo-West,California,2020-11-03
EVT00220,ORG011,Elite Showcase Paulaland 2019,Music,Gilbert-King,Illinois,2019-12-25
EVT00221,ORG019,Grand Summit North Gregoryport 2019,Business,Harris-Wilson,New York,2019-10-13
EVT00222,ORG004,Grand Experience Torreschester 2020,Sports,Hubbard and Sons,Illinois,2020-07-28
EVT00223,ORG013,Elite Championship Port Anne 2020,Business,Sawyer Ltd,Illinois,2020-10-20
EVT00224,ORG009,Ultimate Championship West Williambury 2020,Business,Kelly Group,Illinois,2020-11-04
EVT00225,ORG002,Ultimate Showcase New Robertfurt 2019,Sports,"Ortiz, Greer and Stark",Texas,2019-10-07
EVT00226,ORG016,International Conference South Scott 2019,Music,Chen Inc,Florida,2019-01-07
EVT00227,ORG005,World Festival New Ricardo 2020,Business,Cox Inc,Illinois,2020-11-04
EVT00228,ORG015,Global Festival South Erin 2020,Business,Nichols-Jackson,New York,2020-10-10
EVT00229,ORG001,World Tournament East Henry 2020,Music,Garcia LLC,California,2020-01-21
EVT00230,ORG009,National Concert South Michaelside 2019,Sports,Welch-Stevens,Illinois,2019-06-11
EVT00231,ORG020,Grand Experience Matthewshire 2019,Sports,"Russell, Lawson and Wyatt",Florida,2019-11-29
EVT00232,ORG008,International Conference Jamesfort 2019,Sports,White Ltd,Texas,2019-02-23
EVT00233,ORG007,Annual Concert Davidburgh 2020,Music,Bishop and Sons,California,2020-11-21
EVT00234,ORG001,World Tournament Port Robert 2020,Music,Mitchell and Sons,California,2020-11-08
EVT00235,ORG007,Ultimate Summit East Amandafort 2020,Music,Ramsey-Brown,California,2020-02-29
EVT00236,ORG007,World Festival Port Jonathon 2019,Music,Reed LLC,California,2019-12-20
EVT00237,ORG018,Grand Tournament North Christopher 2020,Festival,Edwards-Pham,California,2020-11-25
EVT00238,ORG017,Ultimate Championship Port Amanda 2020,Business,Grant Group,Texas,2020-11-14
EVT00239,ORG012,Grand Championship Port Timothybury 2020,Sports,Hayes-Berry,Texas,2020-02-09
EVT00240,ORG017,Ultimate Summit Port Charles 2019,Sports,Rogers-Nelson,Texas,2019-07-29
EVT00241,ORG020,Ultimate Showcase Stantonbury 2019,Festival,Hall-Hernandez,Florida,2019-09-19
EVT00242,ORG017,City Expo New Melaniebury 2019,Sports,Hill Ltd,Texas,2019-01-08
EVT00243,ORG018,World Awards East Diane 2019,Music,Edwards and Sons,California,2019-05-13
EVT00244,ORG011,Elite Awards Jonathantown 2019,Business,Harrison-Salazar,Illinois,2019-08-24
EVT00245,ORG016,Annual Expo Ericshire 2019,Sports,"Harris, Daniel and Ramos",Florida,2019-12-29
EVT00246,ORG008,World Championship South Jessicashire 2019,Business,"Fuller, Allen and Benson",Texas,2019-02-13
EVT00247,ORG012,National Experience South Kevinview 2019,Sports,Moore Inc,Texas,2019-03-21
EVT00248,ORG001,World Expo West Sean 2020,Music,Baldwin-Robinson,California,2020-08-10
EVT00249,ORG019,World Championship East Paulstad 2019,Business,Jones Group,New York,2019-04-28
EVT00250,ORG006,Grand Tournament South Michaelfurt 2019,Festival,Smith-White,California,2019-06-25
EVT00251,ORG012,Annual Expo South Rhondaside 2020,Business,Larson-Cox,Texas,2020-01-06
EVT00252,ORG008,World Experience Arthurstad 2019,Sports,"Reyes, Mendoza and Greer",Texas,2019-09-07
EVT00253,ORG003,Annual Expo New Jeffrey 2020,Sports,English-Curry,Texas,2020-06-20
EVT00254,ORG005,Premier Showcase Smithborough 2019,Sports,Davis Ltd,Illinois,2019-12-14
EVT00255,ORG002,Elite Festival Christineborough 2019,Sports,"Shaffer, Thomas and Taylor",Texas,2019-03-20
EVT00256,ORG014,National Conference South Adammouth 2019,Music,Kane-Ramos,California,2019-12-24
EVT00257,ORG005,International Concert South Cindymouth 2019,Music,Hansen Ltd,Illinois,2019-04-16
EVT00258,ORG012,Grand Conference North Dennis 2019,Sports,"Pearson, Harrison and Jones",Texas,2019-06-27
EVT00259,ORG009,International Tournament New Williamburgh 2019,Business,Morales-Soto,Illinois,2019-03-19
EVT00260,ORG016,Grand Tournament South Lisamouth 2020,Music,Cruz-Hensley,Florida,2020-07-31
EVT00261,ORG002,Grand Showcase Kelleyton 2020,Business,Clark Ltd,Texas,2020-08-01
EVT00262,ORG020,International Tournament Munozmouth 2019,Sports,"Ferguson, Wilson and Wilson",Florida,2019-11-20
EVT00263,ORG014,City Concert Stevenchester 2020,Music,"Cunningham, Long and Bishop",California,2020-04-25
EVT00264,ORG013,Global Showcase Brownbury 2020,Sports,Mendoza-Soto,Illinois,2020-08-28
EVT00265,ORG012,Ultimate Tournament New Michaelbury 2019,Business,Harper Ltd,Texas,2019-03-17
EVT00266,ORG007,Global Showcase Michellebury 2019,Music,"Turner, Myers and Lutz",California,2019-02-08
EVT00267,ORG002,Annual Experience Christopherburgh 2019,Sports,"Harmon, Morgan and Smith",Texas,2019-03-20
EVT00268,ORG002,World Tournament New Pamelaview 2020,Business,Cruz Inc,Texas,2020-06-03
EVT00269,ORG005,Global Tournament Jacksonmouth 2020,Business,Scott-Mueller,Illinois,2020-07-21
EVT00270,ORG014,Grand Tournament Brandonland 2019,Music,Knight Ltd,California,2019-11-26
EVT00271,ORG009,Global Tournament New Adriana 2019,Business,Hardy-Thompson,Illinois,2019-06-04
EVT00272,ORG011,Annual Awards New Carla 2019,Music,"Andrade, Sandoval and Suarez",Illinois,2019-12-18
EVT00273,ORG019,Global Summit Nicholsonstad 2019,Theater,Jimenez PLC,New York,2019-06-26
EVT00274,ORG011,City Awards East Jesus 2020,Business,"Lopez, Moody and Young",Illinois,2020-03-24
EVT00275,ORG010,International Showcase Yolandaville 2020,Business,Black-Scott,Illinois,2020-09-16
EVT00276,ORG011,World Expo Smithshire 2019,Sports,Hill PLC,Illinois,2019-10-17
EVT00277,ORG006,Grand Championship Barryfort 2020,Festival,Hamilton LLC,California,2020-11-26
EVT00278,ORG012,National Festival Lake Erika 2020,Business,Weaver Group,Texas,2020-10-24
EVT00279,ORG011,Elite Expo Port Caitlin 2019,Sports,Davidson-Branch,Illinois,2019-04-07
EVT00280,ORG004,Grand Conference Jacobfurt 2019,Sports,Frost-Olson,Illinois,2019-09-16
EVT00281,ORG007,Grand Conference Craigfurt 2019,Festival,"Anthony, Rich and Steele",California,2019-03-25
EVT00282,ORG011,World Conference Kathrynfurt 2019,Sports,"Trujillo, Weaver and Peterson",Illinois,2019-11-14
EVT00283,ORG016,Annual Concert Latashachester 2020,Sports,Turner-Shepard,Florida,2020-12-26
EVT00284,ORG001,National Conference Paulamouth 2020,Music,"Ingram, Rios and Hawkins",California,2020-10-20
EVT00285,ORG007,World Awards Brittanychester 2020,Music,Ramsey LLC,California,2020-10-23
EVT00286,ORG011,National Concert Peggyhaven 2019,Sports,Smith-Hayes,Illinois,2019-01-19
EVT00287,ORG007,National Tournament Rochafort 2019,Music,Nelson-Holland,California,2019-08-08
EVT00288,ORG006,International Conference Paulberg 2019,Music,Rivera PLC,California,2019-08-20
EVT00289,ORG015,Annual Awards East Scott 2019,Business,"Griffith, Campos and Alexander",New York,2019-10-30
EVT00290,ORG017,Global Showcase West Erik 2020,Business,Wallace-King,Texas,2020-06-23
EVT00291,ORG007,World Conference Susanton 2020,Music,"Parsons, Small and Hays",California,2020-09-03
EVT00292,ORG004,Grand Conference Port Mary 2019,Music,"Rice, Gutierrez and Jackson",Illinois,2019-07-05
EVT00293,ORG008,Global Expo Gregorymouth 2020,Business,Martinez Group,Texas,2020-03-24
EVT00294,ORG013,Premier Tournament East Christophershire 2020,Sports,Miller LLC,Illinois,2020-11-23
EVT00295,ORG017,City Summit East Steven 2019,Business,Hernandez-Campos,Texas,2019-10-19
EVT00296,ORG004,Ultimate Tournament Camachoport 2019,Business,"Turner, Kim and White",Illinois,2019-09-02
EVT00297,ORG013,Grand Tournament Simston 2020,Music,Crawford-Whitaker,Illinois,2020-01-12
EVT00298,ORG013,World Awards Jamesstad 2019,Sports,Taylor-Howard,Illinois,2019-10-16
EVT00299,ORG015,International Summit Crosbyborough 2020,Theater,"Andrews, Romero and Scott",New York,2020-03-04
EVT00300,ORG008,Ultimate Championship Nicholashaven 2019,Business,"Joyce, Moss and King",Texas,2019-05-22
EVT00301,ORG004,National Awards New David 2020,Business,"Daniels, Vazquez and Russo",Illinois,2020-05-07
EVT00302,ORG014,Elite Festival New Lauren 2020,Music,Rice-Callahan,California,2020-12-29
EVT00303,ORG003,International Concert Cowanborough 2019,Sports,Wilson-Gray,Texas,2019-03-27
EVT00304,ORG011,International Expo New Jamesmouth 2020,Sports,"Davis, Morgan and Brooks",Illinois,2020-06-09
EVT00305,ORG001,City Showcase Martinezfurt 2019,Music,"Whitaker, Taylor and Fisher",California,2019-08-16
EVT00306,ORG016,Global Expo South Martinfort 2020,Festival,"Baldwin, King and Parker",Florida,2020-02-29
EVT00307,ORG008,Premier Expo West Duanefurt 2020,Business,Bell PLC,Texas,2020-01-18
EVT00308,ORG006,Premier Championship Yatesberg 2020,Music,Little Ltd,California,2020-01-19
EVT00309,ORG014,National Conference Angelaton 2019,Festival,Stevenson Inc,California,2019-04-12
EVT00310,ORG014,Ultimate Tournament Chanchester 2019,Music,Dunn and Sons,California,2019-02-09
EVT00311,ORG007,City Tournament West Paul 2020,Music,Spencer-Suarez,California,2020-12-23
EVT00312,ORG017,Annual Championship Lake Zacharybury 2019,Business,Rodriguez-Snyder,Texas,2019-01-06
EVT00313,ORG001,International Awards Hillberg 2019,Festival,Baxter Group,California,2019-08-09
EVT00314,ORG007,Ultimate Summit Montgomeryberg 2019,Music,Fernandez Inc,California,2019-04-24
EVT00315,ORG020,Global Summit Lake Katelyn 2019,Music,"Alvarado, Wilkins and Mccormick",Florida,2019-05-05
EVT00316,ORG006,Grand Tournament Port Johnburgh 2020,Music,Carr LLC,California,2020-10-16
EVT00317,ORG012,City Experience Paigeshire 2019,Sports,"Bass, Thompson and Mclaughlin",Texas,2019-04-24
EVT00318,ORG012,Elite Experience Jamesbury 2019,Business,Clay-Martin,Texas,2019-01-17
EVT00319,ORG008,Ultimate Expo North Victoriamouth 2019,Sports,"Santana, Reed and Hood",Texas,2019-05-28
EVT00320,ORG016,National Summit West Marissaberg 2020,Festival,Dixon Ltd,Florida,2020-09-21
EVT00321,ORG014,Annual Awards Craigchester 2019,Music,Kelley Inc,California,2019-07-11
EVT00322,ORG014,Elite Awards East Shannon 2019,Festival,"Brown, Francis and Randall",California,2019-03-11
EVT00323,ORG012,Elite Championship Hansenmouth 2020,Business,"Cross, Ramirez and Steele",Texas,2020-06-03
EVT00324,ORG008,Global Expo East Robinhaven 2020,Sports,Lewis-Watts,Texas,2020-04-26
EVT00325,ORG012,Global Showcase East Marymouth 2019,Sports,Jones-Durham,Texas,2019-09-17
EVT00326,ORG003,Premier Festival Changside 2019,Sports,Smith-Jones,Texas,2019-12-20
EVT00327,ORG018,Global Showcase Port Christopher 2019,Festival,Johnson-Caldwell,California,2019-05-17
EVT00328,ORG008,International Tournament East Glenton 2019,Business,Sanchez and Sons,Texas,2019-12-13
EVT00329,ORG010,International Conference West Seth 2020,Business,"Bowman, Ward and Smith",Illinois,2020-05-05
EVT00330,ORG017,Global Concert Williamsland 2020,Sports,Stevens-Villa,Texas,2020-04-13
EVT00331,ORG009,Premier Championship New Garystad 2019,Music,Gonzalez-Nelson,Illinois,2019-02-14
EVT00332,ORG019,Elite Expo South Donaldchester 2019,Business,Flores-Norton,New York,2019-11-14
EVT00333,ORG004,Ultimate Championship East Anitaborough 2020,Business,Pierce-Robinson,Illinois,2020-04-29
EVT00334,ORG010,Ultimate Showcase West Alan 2019,Business,"Cooke, Berry and Woods",Illinois,2019-07-15
EVT00335,ORG017,National Concert North Jamesland 2020,Sports,Walker Group,Texas,2020-11-02
EVT00336,ORG019,World Expo North Michaelview 2020,Business,"Ballard, Combs and Carey",New York,2020-01-12
EVT00337,ORG006,National Conference East Christine 2020,Music,Ray-Chambers,California,2020-01-31
EVT00338,ORG001,City Showcase Port Troyville 2020,Music,White-Quinn,California,2020-12-09
EVT00339,ORG015,Annual Expo North Kellyhaven 2019,Theater,Greene-Robbins,New York,2019-10-01
EVT00340,ORG018,Grand Conference Davidchester 2020,Music,Cruz-Jones,California,2020-03-16
EVT00341,ORG018,Annual Festival Lake Aprilville 2019,Festival,"Patterson, Nelson and Miller",California,2019-11-25
EVT00342,ORG011,Ultimate Concert Sarahview 2020,Sports,Johnson-Farmer,Illinois,2020-11-07
EVT00343,ORG007,World Conference Pamelaside 2020,Music,"Hall, Gallagher and Travis",California,2020-09-09
EVT00344,ORG014,City Championship Maryborough 2019,Music,"Morgan, Drake and Bush",California,2019-12-26
EVT00345,ORG014,World Concert Erintown 2020,Festival,Hernandez-Stephenson,California,2020-09-21
EVT00346,ORG013,Annual Expo Jessemouth 2019,Business,Barron Inc,Illinois,2019-02-28
EVT00347,ORG018,International Championship Lake Debra 2020,Festival,"Walsh, Mills and Carroll",California,2020-06-09
EVT00348,ORG020,City Championship New Saraton 2020,Festival,Chavez Ltd,Florida,2020-09-14
EVT00349,ORG015,Premier Showcase West Connor 2019,Business,"Schwartz, Martinez and Williams",New York,2019-03-10
EVT00350,ORG001,Grand Championship Port James 2020,Festival,Wiley-Thompson,California,2020-01-28
EVT00351,ORG020,City Showcase West Jessicaberg 2019,Sports,"Gardner, Williams and Conner",Florida,2019-06-07
EVT00352,ORG009,Annual Experience West Carrie 2020,Sports,"Boyd, Myers and Combs",Illinois,2020-03-30
EVT00353,ORG007,National Expo Lake Monicamouth 2020,Music,Bauer-Terry,California,2020-06-26
EVT00354,ORG002,Ultimate Summit New Patrickberg 2020,Sports,Stephens-Bradley,Texas,2020-10-27
EVT00355,ORG008,International Tournament South Timothy 2019,Sports,"Hopkins, Lynch and Riley",Texas,2019-01-27
EVT00356,ORG011,Elite Festival Lake Danielville 2020,Business,Warren-Anderson,Illinois,2020-02-01
EVT00357,ORG011,City Summit Johnsonchester 2019,Sports,Miller-Johnson,Illinois,2019-09-24
EVT00358,ORG010,City Summit Courtneyville 2019,Business,Jackson Group,Illinois,2019-10-20
EVT00359,ORG006,Annual Tournament Anthonymouth 2019,Music,"Evans, Green and Robinson",California,2019-05-19
EVT00360,ORG013,City Festival Emilyside 2020,Music,"Baker, Lewis and Walker",Illinois,2020-12-31
EVT00361,ORG006,National Festival Russellstad 2020,Festival,Mejia-Rivera,California,2020-11-14
EVT00362,ORG009,Ultimate Concert Ryanfort 2020,Business,Graham PLC,Illinois,2020-07-09
EVT00363,ORG014,International Showcase Martinezview 2020,Music,"Morris, Crawford and Ross",California,2020-12-29
EVT00364,ORG007,Premier Conference New Geoffreyland 2019,Music,"Jackson, Jenkins and Bailey",California,2019-05-05
EVT00365,ORG016,Global Showcase Amyborough 2020,Festival,Davis PLC,Florida,2020-05-20
EVT00366,ORG019,National Tournament Franklinchester 2020,Theater,"Cannon, Harris and Mccarty",New York,2020-08-09
EVT00367,ORG017,Grand Festival Lake Reginaton 2019,Business,"Liu, Rivers and Medina",Texas,2019-05-13
EVT00368,ORG017,World Tournament Port Denisestad 2019,Sports,Orr-Chaney,Texas,2019-11-13
EVT00369,ORG002,World Experience Victorialand 2020,Business,Thomas-Lopez,Texas,2020-02-25
EVT00370,ORG017,National Festival New Lori 2019,Sports,Miller-Reynolds,Texas,2019-05-09
EVT00371,ORG003,Elite Showcase Lake Jaclyn 2020,Sports,Burgess-Harris,Texas,2020-04-22
EVT00372,ORG006,Grand Conference Christopherstad 2020,Music,Armstrong Inc,California,2020-07-18
EVT00373,ORG003,Elite Championship Colemanshire 2020,Sports,"Perez, Fletcher and Arnold",Texas,2020-03-19
EVT00374,ORG003,International Concert South Jonathanville 2020,Sports,"Pratt, Mcdonald and Watts",Texas,2020-06-14
EVT00375,ORG011,National Summit Webstertown 2019,Music,Hawkins-Smith,Illinois,2019-06-15
EVT00376,ORG013,Ultimate Festival East Daniel 2020,Sports,Pratt-Peterson,Illinois,2020-06-15
EVT00377,ORG014,Elite Concert Port Patricia 2019,Festival,Smith-Ballard,California,2019-07-21
EVT00378,ORG013,Ultimate Experience West Amandaside 2020,Music,"Horn, Martinez and Nixon",Illinois,2020-10-02
EVT00379,ORG009,Elite Conference Lake Kristenburgh 2019,Business,Greene-Stuart,Illinois,2019-04-06
EVT00380,ORG005,International Conference North Amandaborough 2020,Business,Thornton-May,Illinois,2020-08-17
EVT00381,ORG010,Grand Showcase Lake Joseph 2020,Business,Pierce LLC,Illinois,2020-10-01
EVT00382,ORG008,Global Festival Jeffchester 2019,Business,Palmer Group,Texas,2019-02-12
EVT00383,ORG004,Grand Concert South Brendaville 2020,Music,Pierce Ltd,Illinois,2020-10-18
EVT00384,ORG008,Grand Expo Samanthashire 2019,Business,Marquez-Compton,Texas,2019-08-04
EVT00385,ORG007,Elite Concert East Matthew 2020,Music,"Thomas, Andrews and Dean",California,2020-05-24
EVT00386,ORG009,City Summit Jonesland 2019,Business,"Clark, Hartman and Rosario",Illinois,2019-11-06
EVT00387,ORG005,Ultimate Tournament Valentinebury 2020,Business,Russell LLC,Illinois,2020-02-20
EVT00388,ORG008,Global Conference West Chrisside 2020,Sports,Garcia-Heath,Texas,2020-12-06
EVT00389,ORG014,City Tournament Johnburgh 2020,Music,Mcgrath PLC,California,2020-03-01
EVT00390,ORG006,Grand Conference Stephaniefurt 2019,Music,"Fisher, Goodman and Morrow",California,2019-12-15
EVT00391,ORG019,National Expo Brownview 2019,Business,Brady Ltd,New York,2019-11-23
EVT00392,ORG009,Elite Awards Breannaton 2020,Music,Davenport LLC,Illinois,2020-01-15
EVT00393,ORG006,Premier Tournament Stephanieport 2019,Music,Phillips-Turner,California,2019-11-23
EVT00394,ORG002,City Summit Dawnside 2019,Sports,Jenkins-Bush,Texas,2019-10-01
EVT00395,ORG015,Global Concert South Thomasshire 2019,Business,"Mays, Jones and Parker",New York,2019-04-10
EVT00396,ORG017,World Summit Port Matthew 2020,Sports,Hickman-Barnett,Texas,2020-09-22
EVT00397,ORG016,Grand Showcase Laurenmouth 2019,Festival,Ryan LLC,Florida,2019-12-02
EVT00398,ORG016,City Awards North Frederickview 2019,Festival,Dixon Inc,Florida,2019-06-13
EVT00399,ORG013,Ultimate Tournament Mikeshire 2020,Sports,Day-Morgan,Illinois,2020-05-25
EVT00400,ORG005,World Awards Christopherfort 2019,Music,Juarez and Sons,Illinois,2019-04-03
EVT00401,ORG009,Premier Experience Ritafurt 2019,Sports,Hernandez-Brown,Illinois,2019-09-04
EVT00402,ORG010,Global Concert Zimmermanfurt 2019,Sports,Perez PLC,Illinois,2019-02-19
EVT00403,ORG020,City Concert Port Kimberly 2020,Music,Stafford-Rodriguez,Florida,2020-09-03
EVT00404,ORG018,World Conference Port Derek 2019,Music,"Christensen, Glover and Clark",California,2019-04-21
EVT00405,ORG020,World Showcase Debrashire 2020,Music,Smith-Mckee,Florida,2020-01-10
EVT00406,ORG004,Global Experience Hendricksshire 2020,Music,Short-Matthews,Illinois,2020-02-15
EVT00407,ORG004,National Awards Debraborough 2019,Business,Lawrence PLC,Illinois,2019-07-19
EVT00408,ORG008,World Awards Camerontown 2019,Sports,"Rodriguez, Bailey and Gonzales",Texas,2019-03-17
EVT00409,ORG010,Ultimate Experience Padillatown 2020,Sports,Good Inc,Illinois,2020-07-17
EVT00410,ORG002,Annual Conference West Joseph 2020,Business,Wilson-Alvarez,Texas,2020-09-17
EVT00411,ORG008,National Showcase Lake Julia 2020,Sports,Johnson-Carpenter,Texas,2020-02-08
EVT00412,ORG001,Premier Experience Shellyland 2019,Festival,Ross PLC,California,2019-05-28
EVT00413,ORG003,Elite Championship East Kathy 2020,Business,Wade Ltd,Texas,2020-02-16
EVT00414,ORG014,International Showcase Port Kayla 2019,Music,Mcmahon-Jimenez,California,2019-02-09
EVT00415,ORG009,City Conference Port Debbieside 2020,Sports,Fitzgerald Ltd,Illinois,2020-06-15
EVT00416,ORG011,International Showcase South Kendra 2020,Business,"Alvarez, Holland and Meza",Illinois,2020-06-11
EVT00417,ORG007,World Experience South Lisafort 2019,Festival,"Nicholson, Gregory and Schaefer",California,2019-06-16
EVT00418,ORG007,National Awards Lake Robert 2020,Festival,Mendoza Inc,California,2020-08-30
EVT00419,ORG017,City Experience Lake Michelle 2020,Business,"Allen, Merritt and Griffith",Texas,2020-06-29
EVT00420,ORG019,Global Showcase Port Kevin 2020,Business,Allen-Campbell,New York,2020-05-01
EVT00421,ORG008,Annual Expo Lake Barbara 2020,Sports,Ferrell-Price,Texas,2020-11-20
EVT00422,ORG013,Global Experience Port Lisabury 2019,Business,"Hunter, Ward and Harris",Illinois,2019-11-12
EVT00423,ORG014,Grand Experience South Tiffany 2019,Music,Clay Ltd,California,2019-09-29
EVT00424,ORG015,Grand Tournament Lake Amy 2019,Business,"Mccullough, Thompson and Lewis",New York,2019-02-22
EVT00425,ORG008,Grand Expo South Daniel 2020,Sports,"Blankenship, Robinson and Sanford",Texas,2020-06-20
EVT00426,ORG017,Premier Championship East Travis 2020,Sports,"Wilson, Braun and Franklin",Texas,2020-11-28
EVT00427,ORG007,Global Tournament Jamesmouth 2019,Music,"Cruz, Kline and Chambers",California,2019-07-15
EVT00428,ORG002,International Expo New Jamesburgh 2020,Sports,Meza and Sons,Texas,2020-03-04
EVT00429,ORG004,World Awards New Ryan 2019,Business,Perez Group,Illinois,2019-07-28
EVT00430,ORG003,Global Conference Port Elizabethburgh 2020,Business,Patel LLC,Texas,2020-04-27
EVT00431,ORG014,National Tournament Jonathanton 2020,Music,Fernandez-Williams,California,2020-07-28
EVT00432,ORG016,National Conference Lake Wendy 2020,Sports,"Burke, Garza and Carter",Florida,2020-01-21
EVT00433,ORG013,National Awards Jamesland 2020,Sports,Ferguson-Wilkerson,Illinois,2020-06-29
EVT00434,ORG019,Ultimate Experience Berryshire 2020,Business,Larson and Sons,New York,2020-11-23
EVT00435,ORG007,Premier Concert West Meghantown 2019,Music,"Oconnor, Cruz and Martinez",California,2019-07-16
EVT00436,ORG008,Premier Concert New Davidland 2019,Business,"Brown, Bird and Merritt",Texas,2019-11-02
EVT00437,ORG011,Premier Tournament Hallville 2020,Sports,Adams-Herrera,Illinois,2020-12-22
EVT00438,ORG007,National Awards East Mary 2020,Festival,Baker-Huynh,California,2020-05-06
EVT00439,ORG013,Ultimate Festival Smithtown 2019,Business,"Harris, Brown and Coleman",Illinois,2019-10-08
EVT00440,ORG006,National Conference Lake Brianashire 2020,Music,Salas-Griffin,California,2020-02-09
EVT00441,ORG018,Ultimate Festival North Jeffreytown 2019,Festival,"Wilson, Berry and Taylor",California,2019-02-13
EVT00442,ORG005,Ultimate Tournament Martinfort 2020,Sports,Mullins-Williams,Illinois,2020-03-28
EVT00443,ORG003,Elite Concert East Amanda 2019,Sports,Kent-Miles,Texas,2019-07-26
EVT00444,ORG011,Ultimate Conference Griffinview 2020,Business,Murphy LLC,Illinois,2020-12-13
EVT00445,ORG018,Grand Summit New Eileenland 2020,Music,"Yang, Johnson and Fernandez",California,2020-09-22
EVT00446,ORG012,Elite Summit Whiteport 2019,Sports,Gibbs and Sons,Texas,2019-02-21
EVT00447,ORG009,Global Festival Johnhaven 2019,Business,Green Ltd,Illinois,2019-08-27
EVT00448,ORG013,City Festival East Jordanville 2019,Sports,Sutton Ltd,Illinois,2019-12-05
EVT00449,ORG004,Global Awards Jensenburgh 2019,Business,Gilmore LLC,Illinois,2019-05-21
EVT00450,ORG014,City Tournament Nelsonchester 2020,Music,"Ortiz, Adams and Becker",California,2020-02-21
EVT00451,ORG013,Ultimate Showcase North Laurenchester 2019,Business,Jones PLC,Illinois,2019-07-24
EVT00452,ORG017,Global Festival Lake Hailey 2020,Sports,"Ramos, Mosley and Jones",Texas,2020-10-23
EVT00453,ORG012,Premier Awards Joshuaville 2020,Business,Price-Ruiz,Texas,2020-08-10
EVT00454,ORG017,International Expo Allisonburgh 2019,Business,Weiss Ltd,Texas,2019-02-08
EVT00455,ORG005,World Tournament Lake Isabelfurt 2019,Music,Mcmillan Inc,Illinois,2019-02-07
EVT00456,ORG004,Global Championship Stricklandborough 2019,Music,"Peterson, Rodriguez and Hernandez",Illinois,2019-10-24
EVT00457,ORG009,Grand Festival Eddieshire 2020,Sports,Baker Ltd,Illinois,2020-08-04
EVT00458,ORG004,City Awards Morrisonhaven 2019,Sports,Herrera LLC,Illinois,2019-10-19
EVT00459,ORG017,International Awards Phillipsberg 2020,Business,Gray Ltd,Texas,2020-05-20
EVT00460,ORG011,Premier Festival Thomasfurt 2019,Sports,"Smith, Garcia and Brown",Illinois,2019-10-07
EVT00461,ORG006,City Concert Port Alvin 2019,Festival,"Giles, Hernandez and Lee",California,2019-06-16
EVT00462,ORG012,Global Showcase North Megan 2019,Business,"Peck, Cisneros and Li",Texas,2019-07-10
EVT00463,ORG010,Premier Conference Port Caroline 2020,Sports,"Medina, Garcia and Mccarthy",Illinois,2020-08-04
EVT00464,ORG018,Elite Showcase West Ericfort 2020,Music,Austin Ltd,California,2020-03-13
EVT00465,ORG018,Annual Conference Brownfurt 2020,Music,King Ltd,California,2020-02-15
EVT00466,ORG016,National Summit East Robertberg 2020,Festival,"Paul, Harmon and Murray",Florida,2020-05-03
EVT00467,ORG003,World Summit Mitchellberg 2019,Sports,"King, Holland and Yang",Texas,2019-09-25
EVT00468,ORG002,National Concert Carolinefurt 2019,Sports,Smith LLC,Texas,2019-10-01
EVT00469,ORG005,Global Concert Hancockport 2020,Business,Hanson-Martinez,Illinois,2020-08-09
EVT00470,ORG002,Premier Championship Smithmouth 2020,Business,"Allen, Kennedy and Wright",Texas,2020-01-04
EVT00471,ORG019,City Concert North Megan 2019,Theater,Lambert and Sons,New York,2019-05-02
EVT00472,ORG009,Elite Concert Port Danielton 2020,Music,Patton PLC,Illinois,2020-02-20
EVT00473,ORG019,Ultimate Showcase Taylorshire 2019,Theater,"Richardson, Holloway and Gill",New York,2019-05-01
EVT00474,ORG004,Premier Conference New Samantha 2019,Business,Jimenez-Lindsey,Illinois,2019-08-15
EVT00475,ORG003,City Experience Amandashire 2019,Sports,Hudson Group,Texas,2019-06-06
EVT00476,ORG013,Elite Tournament West Nicolemouth 2020,Sports,"Herring, Smith and Holt",Illinois,2020-03-01
EVT00477,ORG006,Grand Festival Lake Andrew 2019,Music,Parker-Brown,California,2019-09-11
EVT00478,ORG013,Elite Showcase Sharpburgh 2020,Business,"Jones, Durham and Watson",Illinois,2020-04-02
EVT00479,ORG020,Annual Championship Erinbury 2020,Festival,Grant-Watts,Florida,2020-07-31
EVT00480,ORG004,Premier Experience West Richard 2020,Business,"Douglas, Bonilla and Hanson",Illinois,2020-06-01
EVT00481,ORG006,National Awards Wilsonshire 2019,Music,Miller Inc,California,2019-06-18
EVT00482,ORG013,Premier Experience North Teresastad 2019,Sports,Benson Group,Illinois,2019-04-30
EVT00483,ORG016,Elite Tournament Dorseyshire 2019,Music,Gonzalez-Hansen,Florida,2019-04-04
EVT00484,ORG006,International Awards Patrickburgh 2020,Music,Lane-Beasley,California,2020-04-09
EVT00485,ORG016,Grand Championship Robinsonfurt 2020,Music,Tyler-Klein,Florida,2020-04-12
EVT00486,ORG015,Ultimate Championship Stephenborough 2020,Theater,Acevedo-Leonard,New York,2020-04-18
EVT00487,ORG006,Global Summit Navarrochester 2019,Music,Malone-Ford,California,2019-09-18
EVT00488,ORG004,Global Expo New Amyview 2019,Business,"James, Parsons and Miller",Illinois,2019-03-16
EVT00489,ORG006,Annual Awards Brooksfurt 2020,Festival,Hines-Johnson,California,2020-12-18
EVT00490,ORG007,City Championship Stephanietown 2019,Music,Santiago Ltd,California,2019-03-12
EVT00491,ORG008,International Conference Port Josephfurt 2020,Sports,"Harper, Harmon and Murphy",Texas,2020-02-23
EVT00492,ORG017,World Showcase West Zacharystad 2020,Business,Coleman and Sons,Texas,2020-10-23
EVT00493,ORG013,World Expo West Melissaview 2020,Sports,Ware LLC,Illinois,2020-04-04
EVT00494,ORG011,Elite Conference Lindastad 2020,Music,Chambers-Curry,Illinois,2020-11-30
EVT00495,ORG012,Annual Conference Lake Bradley 2019,Business,Jones-Espinoza,Texas,2019-12-23
EVT00496,ORG017,Elite Conference North Jacqueline 2020,Business,"Mullins, Thomas and Perry",Texas,2020-02-07
EVT00497,ORG002,Global Championship Lake Jeffreyport 2019,Business,Osborne Group,Texas,2019-08-17
EVT00498,ORG018,Elite Expo Port Holly 2020,Festival,Hernandez LLC,California,2020-04-19
EVT00499,ORG011,Premier Summit Brownmouth 2020,Business,"Gonzales, Savage and Davis",Illinois,2020-01-24
EVT00500,ORG014,International Concert Pittschester 2019,Music,Hines-Smith,California,2019-12-21
EVT00501,ORG017,Global Expo New Raymondbury 2019,Sports,Hernandez Inc,Texas,2019-04-26
EVT00502,ORG003,Premier Summit Lake Briantown 2019,Business,Day-Quinn,Texas,2019-01-17
EVT00503,ORG013,Grand Championship North Troy 2019,Music,"Larson, Anderson and Sullivan",Illinois,2019-04-14
EVT00504,ORG015,Global Summit East Moniquehaven 2020,Business,Graham Group,New York,2020-09-04
EVT00505,ORG015,World Tournament Thompsonmouth 2019,Theater,"Gallegos, Smith and Mcclain",New York,2019-02-15
EVT00506,ORG010,Premier Championship New Joyborough 2020,Music,Hernandez PLC,Illinois,2020-07-06
EVT00507,ORG009,Ultimate Summit Vanessaland 2020,Music,Hart LLC,Illinois,2020-05-30
EVT00508,ORG011,National Experience North Angelashire 2020,Business,Harris-Ellis,Illinois,2020-08-12
EVT00509,ORG017,National Summit Port Eric 2020,Business,"Mccarthy, Pearson and Cox",Texas,2020-11-19
EVT00510,ORG013,Elite Summit Larryhaven 2019,Sports,Hall LLC,Illinois,2019-05-27
EVT00511,ORG009,Ultimate Championship South Josephside 2019,Sports,"Haney, Wilkinson and Davis",Illinois,2019-11-04
EVT00512,ORG001,World Awards Port John 2020,Music,Stewart-Davis,California,2020-10-03
EVT00513,ORG003,National Expo Williamfort 2019,Sports,"Chandler, Smith and King",Texas,2019-02-18
EVT00514,ORG012,World Expo East Julieburgh 2019,Business,Jackson-Cochran,Texas,2019-11-23
EVT00515,ORG014,World Conference East Roberttown 2019,Music,Gallegos-White,California,2019-11-04
EVT00516,ORG011,Premier Summit Heatherbury 2020,Business,Rowe PLC,Illinois,2020-04-29
EVT00517,ORG017,International Tournament Garciaside 2020,Sports,Hill-Stanley,Texas,2020-12-25
EVT00518,ORG018,World Expo Port Geraldmouth 2020,Music,Murphy-Hill,California,2020-07-29
EVT00519,ORG004,International Expo Lake Marymouth 2020,Business,"Patton, Soto and Terry",Illinois,2020-06-26
EVT00520,ORG017,Premier Showcase New Craigfurt 2019,Sports,"Alvarez, Johnston and Randall",Texas,2019-09-19
EVT00521,ORG004,City Showcase Shelbyport 2019,Business,"Cox, Ramirez and Snyder",Illinois,2019-03-22
EVT00522,ORG013,Premier Championship South Gabrielle 2020,Music,"Arnold, Brown and James",Illinois,2020-07-02
EVT00523,ORG009,Grand Experience South James 2020,Sports,Lewis-Jimenez,Illinois,2020-01-22
EVT00524,ORG003,Premier Experience Robinsonborough 2019,Sports,Clark PLC,Texas,2019-03-16
EVT00525,ORG015,Elite Summit Michaelville 2020,Theater,Miller-Bernard,New York,2020-11-18
EVT00526,ORG017,National Concert Dyerview 2019,Sports,Khan Ltd,Texas,2019-08-02
EVT00527,ORG011,Premier Festival East Amyfurt 2019,Music,"Parker, Mcguire and Ellis",Illinois,2019-08-05
EVT00528,ORG010,Premier Experience Meyerbury 2020,Business,"Summers, Jackson and Williams",Illinois,2020-05-05
EVT00529,ORG007,Premier Awards Hallchester 2020,Music,"Gordon, Rice and Stewart",California,2020-02-11
EVT00530,ORG002,World Tournament Lopezside 2019,Sports,"Carter, Baldwin and Reynolds",Texas,2019-10-17
EVT00531,ORG016,National Concert Lake Stacyburgh 2020,Sports,"Lester, Williams and Patel",Florida,2020-10-26
EVT00532,ORG006,Elite Tournament Waterston 2020,Festival,Graves-Clark,California,2020-01-04
EVT00533,ORG008,City Showcase Bishopchester 2019,Sports,"Mueller, Harris and Bond",Texas,2019-04-11
EVT00534,ORG012,National Expo Waltersfort 2020,Sports,Anderson LLC,Texas,2020-01-15
EVT00535,ORG013,Premier Conference East Christopher 2020,Music,Anthony-Monroe,Illinois,2020-07-30
EVT00536,ORG011,Elite Experience West Mary 2019,Music,"Hill, Hicks and Rhodes",Illinois,2019-09-25
EVT00537,ORG020,Ultimate Conference Donaldberg 2020,Sports,Cobb Ltd,Florida,2020-03-03
EVT00538,ORG017,Premier Expo Middletonchester 2019,Sports,"Meyers, Rodriguez and Johnston",Texas,2019-12-04
EVT00539,ORG013,City Awards Cynthiamouth 2019,Business,Brown Ltd,Illinois,2019-09-09
EVT00540,ORG004,National Concert West Danielchester 2020,Business,Morrow-Wilson,Illinois,2020-12-02
EVT00541,ORG007,City Tournament Whiteburgh 2020,Music,"Martinez, Nelson and Jenkins",California,2020-10-19
EVT00542,ORG003,International Conference West Christineside 2019,Sports,Stokes-Adams,Texas,2019-12-27
EVT00543,ORG013,City Conference Gouldshire 2020,Business,"Mckay, Coleman and Davis",Illinois,2020-07-13
EVT00544,ORG006,Global Festival Jenniferland 2020,Music,James Group,California,2020-06-20
EVT00545,ORG005,Global Expo Marvintown 2019,Business,Ross and Sons,Illinois,2019-02-19
EVT00546,ORG008,Premier Festival New Jessicaview 2020,Sports,Hendrix and Sons,Texas,2020-10-07
EVT00547,ORG007,Premier Awards New Jaystad 2019,Music,Riley PLC,California,2019-01-10
EVT00548,ORG004,Global Experience South Christyview 2020,Sports,"Lewis, Snyder and Ortiz",Illinois,2020-01-18
EVT00549,ORG008,Grand Tournament Loweryborough 2020,Business,"Lambert, Moore and Lee",Texas,2020-11-13
EVT00550,ORG017,Global Championship Laurashire 2020,Business,"Baker, Robinson and Anderson",Texas,2020-05-14
EVT00551,ORG015,World Championship New Geraldmouth 2020,Theater,"Armstrong, Hardy and Price",New York,2020-07-18
EVT00552,ORG008,Ultimate Awards New Johnborough 2020,Sports,"Woods, Beasley and Weeks",Texas,2020-06-26
EVT00553,ORG005,Elite Expo North Dawn 2019,Sports,"Wilson, Griffith and Garcia",Illinois,2019-01-18
EVT00554,ORG012,Annual Awards Johnsonborough 2019,Sports,"Hernandez, Charles and Mcmillan",Texas,2019-04-20
EVT00555,ORG017,Premier Experience Port Dave 2019,Sports,Thomas Inc,Texas,2019-09-04
EVT00556,ORG003,National Concert Millston 2019,Business,Erickson-Horne,Texas,2019-09-16
EVT00557,ORG004,National Expo Hendersontown 2019,Sports,"Vargas, Roman and Morris",Illinois,2019-03-22
EVT00558,ORG009,Premier Summit New Amberborough 2020,Sports,Benjamin-Durham,Illinois,2020-08-01
EVT00559,ORG016,Annual Championship Stacyborough 2020,Music,Villa-Weaver,Florida,2020-12-01
EVT00560,ORG010,World Expo Port Michaelbury 2020,Music,Weber LLC,Illinois,2020-02-20
EVT00561,ORG020,Global Championship Krystalmouth 2020,Sports,Hess and Sons,Florida,2020-05-02
EVT00562,ORG008,Annual Tournament North Emilyville 2019,Business,"Jones, Pena and Gillespie",Texas,2019-06-25
EVT00563,ORG017,National Experience Port Michelle 2020,Sports,Carter Group,Texas,2020-10-22
EVT00564,ORG004,Global Summit South Juan 2020,Music,Hughes-Lowe,Illinois,2020-06-24
EVT00565,ORG014,Grand Tournament South Brenda 2020,Music,"Lawrence, Sanchez and Baker",California,2020-12-09
EVT00566,ORG018,Annual Concert Lake Rachelville 2019,Festival,"Sharp, Osborn and Jackson",California,2019-02-17
EVT00567,ORG007,National Championship Delgadoside 2019,Music,Johnson-Chavez,California,2019-07-03
EVT00568,ORG006,International Expo Petersonton 2020,Music,Kline PLC,California,2020-08-24
EVT00569,ORG015,International Experience Vincentport 2019,Business,Hammond-Johnson,New York,2019-11-03
EVT00570,ORG012,World Awards Wrightbury 2020,Sports,Braun-Reynolds,Texas,2020-08-03
EVT00571,ORG009,International Festival Juliaberg 2020,Sports,Powell-Jordan,Illinois,2020-01-29
EVT00572,ORG006,Annual Expo West Annstad 2019,Festival,Bush-Evans,California,2019-02-24
EVT00573,ORG011,National Experience Butlermouth 2019,Music,Carson Ltd,Illinois,2019-03-19
EVT00574,ORG014,Global Concert Port Bernard 2019,Music,"Johnson, Johnson and Hill",California,2019-12-01
EVT00575,ORG011,Premier Showcase Ricardomouth 2020,Sports,Thomas-Roberts,Illinois,2020-05-17
EVT00576,ORG006,International Experience Mendozashire 2020,Music,"Jackson, Maldonado and Rodgers",California,2020-03-18
EVT00577,ORG006,Grand Concert Daniellemouth 2019,Music,"Long, Johnson and Long",California,2019-03-29
EVT00578,ORG013,Annual Festival North Susan 2020,Music,"Brown, Boyle and Mccoy",Illinois,2020-12-31
EVT00579,ORG015,World Conference Lake Marcushaven 2019,Business,"Molina, Armstrong and Mayer",New York,2019-06-07
EVT00580,ORG020,National Showcase East Scott 2020,Sports,"Graham, Wilson and Sparks",Florida,2020-02-03
EVT00581,ORG010,Global Concert Jimville 2019,Music,"Nelson, Cherry and Barnes",Illinois,2019-04-04
EVT00582,ORG004,Ultimate Festival Suemouth 2020,Sports,Ferguson and Sons,Illinois,2020-01-04
EVT00583,ORG017,International Expo Ricardoburgh 2019,Sports,Perkins PLC,Texas,2019-03-31
EVT00584,ORG019,Elite Awards Port Valeriestad 2020,Business,Brewer-Lee,New York,2020-07-24
EVT00585,ORG008,Global Festival Blackton 2019,Sports,Cox Ltd,Texas,2019-04-16
EVT00586,ORG003,Annual Experience Riceshire 2020,Sports,Martin and Sons,Texas,2020-07-21
EVT00587,ORG020,World Championship Deanfurt 2019,Sports,"Rose, Velasquez and Lewis",Florida,2019-11-29
EVT00588,ORG013,World Festival South Benjaminton 2020,Sports,Williams Ltd,Illinois,2020-02-28
EVT00589,ORG012,Premier Experience North Randallland 2020,Business,Rice and Sons,Texas,2020-07-26
EVT00590,ORG010,World Conference Hensleymouth 2019,Business,Pineda and Sons,Illinois,2019-06-23
EVT00591,ORG009,Ultimate Concert Lake Sarastad 2019,Music,Odom and Sons,Illinois,2019-10-03
EVT00592,ORG016,Annual Conference Jimtown 2019,Music,Weber Inc,Florida,2019-05-30
EVT00593,ORG005,World Concert Guerreroland 2019,Sports,Miller Ltd,Illinois,2019-10-10
EVT00594,ORG011,National Concert West Sandra 2019,Sports,"Stewart, Perry and Mcdonald",Illinois,2019-03-20
EVT00595,ORG004,City Experience Powelltown 2020,Music,Harper-Thomas,Illinois,2020-10-02
EVT00596,ORG017,City Festival Priceland 2019,Business,Soto and Sons,Texas,2019-07-20
EVT00597,ORG005,Global Expo South Jessica 2019,Music,Jackson PLC,Illinois,2019-11-08
EVT00598,ORG017,World Showcase New April 2020,Sports,Wallace-Flores,Texas,2020-09-27
EVT00599,ORG004,World Experience Mathewsstad 2019,Sports,Brown-Nelson,Illinois,2019-12-09
EVT00600,ORG017,National Experience North Katherinechester 2019,Sports,"Poole, Thompson and Barber",Texas,2019-11-04
EVT00601,ORG014,National Conference Lake Michelle 2020,Music,Lee-Arnold,California,2020-05-05
EVT00602,ORG001,Ultimate Tournament West Kevinborough 2019,Music,Miller LLC,California,2019-11-23
EVT00603,ORG010,National Expo Stephanietown 2019,Business,White PLC,Illinois,2019-09-06
EVT00604,ORG009,National Festival Duncanport 2020,Sports,Sheppard-Schmidt,Illinois,2020-02-07
EVT00605,ORG002,Grand Awards Williamsview 2019,Business,Simpson-Webb,Texas,2019-07-24
EVT00606,ORG019,Elite Championship Ayersport 2020,Business,"Dean, Lane and Jones",New York,2020-11-29
EVT00607,ORG009,Premier Tournament Lake John 2020,Business,Arnold-Watkins,Illinois,2020-04-17
EVT00608,ORG011,Annual Expo Michaeltown 2020,Sports,"Frazier, Case and Ritter",Illinois,2020-12-10
EVT00609,ORG006,Ultimate Summit Port Michaelmouth 2019,Music,"Morgan, Barrera and Smith",California,2019-05-23
EVT00610,ORG016,International Expo New William 2020,Music,"Bullock, Odom and Russell",Florida,2020-11-05
EVT00611,ORG014,City Experience Port Maryfort 2019,Music,"Huff, Johnson and Johnson",California,2019-03-17
EVT00612,ORG007,World Awards New Kristina 2020,Music,Vargas LLC,California,2020-08-19
EVT00613,ORG006,Global Showcase East Matthewmouth 2020,Music,Taylor LLC,California,2020-07-10
EVT00614,ORG019,Grand Festival Lake Maria 2020,Theater,"Bell, Clark and Murphy",New York,2020-07-03
EVT00615,ORG018,National Conference Port Reginamouth 2019,Music,Mitchell-Horton,California,2019-09-12
EVT00616,ORG016,Global Experience Martinhaven 2020,Sports,Garcia-Hall,Florida,2020-09-19
EVT00617,ORG007,World Festival Port Timothy 2019,Music,Wallace-Wood,California,2019-12-06
EVT00618,ORG006,Ultimate Summit Stokeston 2019,Music,"Riggs, Castro and Cochran",California,2019-04-11
EVT00619,ORG008,Elite Experience South Shane 2020,Business,Herrera LLC,Texas,2020-06-15
EVT00620,ORG007,National Expo Payneview 2020,Music,Hernandez LLC,California,2020-04-01
EVT00621,ORG016,Grand Awards Mccartyburgh 2020,Music,George-Pearson,Florida,2020-11-26
EVT00622,ORG017,Global Tournament Fordchester 2019,Sports,"Freeman, Hughes and Harrison",Texas,2019-12-20
EVT00623,ORG008,World Festival Lake Kristin 2019,Sports,Lyons and Sons,Texas,2019-10-30
EVT00624,ORG018,National Concert Lake Johnchester 2019,Music,"West, Murphy and Campbell",California,2019-05-26
EVT00625,ORG014,Premier Awards East Melissa 2020,Festival,Rasmussen-Stephens,California,2020-04-11
EVT00626,ORG010,City Festival West Jeffreyburgh 2019,Sports,Martinez-Rodriguez,Illinois,2019-12-23
EVT00627,ORG020,City Showcase West Melanie 2020,Music,Evans PLC,Florida,2020-12-14
EVT00628,ORG004,Global Festival Tiffanystad 2019,Music,"Gutierrez, Shea and Stevens",Illinois,2019-11-04
EVT00629,ORG003,Annual Conference Johntown 2019,Sports,Harris LLC,Texas,2019-12-18
EVT00630,ORG019,Elite Conference Foxfurt 2019,Theater,Johnson-Nguyen,New York,2019-09-07
EVT00631,ORG017,National Awards Lake Tammymouth 2019,Business,Owens-Gregory,Texas,2019-06-13
EVT00632,ORG006,Premier Expo East Jeremy 2020,Music,Powell LLC,California,2020-04-18
EVT00633,ORG020,International Expo New Evelynberg 2019,Sports,"Davis, Erickson and Gross",Florida,2019-07-08
EVT00634,ORG005,Grand Summit Brownhaven 2019,Sports,"Mullen, Jones and Richards",Illinois,2019-01-30
EVT00635,ORG007,World Expo Westhaven 2020,Music,Sexton-Jones,California,2020-08-29
EVT00636,ORG014,Premier Summit Weaverview 2020,Music,Williams Ltd,California,2020-12-22
EVT00637,ORG019,Annual Experience West Sandra 2020,Business,Cardenas PLC,New York,2020-12-21
EVT00638,ORG020,International Showcase South Timburgh 2020,Festival,"Cummings, Chavez and Barr",Florida,2020-07-03
EVT00639,ORG019,City Festival Adamsmouth 2019,Business,"Mcbride, Contreras and Schneider",New York,2019-07-21
EVT00640,ORG007,City Awards Jessicaview 2020,Festival,"Ball, Huber and George",California,2020-11-17
EVT00641,ORG013,Grand Expo Lake Judithchester 2019,Business,Smith Ltd,Illinois,2019-11-17
EVT00642,ORG015,Grand Festival North Kathleenside 2020,Theater,Hansen Ltd,New York,2020-02-06
EVT00643,ORG003,City Experience Alexborough 2019,Sports,Randolph-Merritt,Texas,2019-12-27
EVT00644,ORG010,Ultimate Experience Kirkshire 2020,Music,Walton LLC,Illinois,2020-11-20
EVT00645,ORG002,International Showcase Hooperborough 2019,Business,Moreno Inc,Texas,2019-03-28
EVT00646,ORG015,Ultimate Festival Derrickland 2019,Business,"Herring, Perez and Hawkins",New York,2019-09-02
EVT00647,ORG004,International Awards Lake Nicholasville 2020,Music,"Klein, Flynn and Johnson",Illinois,2020-01-18
EVT00648,ORG009,Grand Conference Port Allison 2020,Sports,Wolfe and Sons,Illinois,2020-03-04
EVT00649,ORG002,World Conference Johnsonshire 2020,Business,"Cooper, Sanchez and Butler",Texas,2020-01-28
EVT00650,ORG015,Elite Conference West Ashleymouth 2020,Business,Smith-Simpson,New York,2020-10-12
EVT00651,ORG004,City Concert Port Sandra 2019,Business,Mcguire-Cortez,Illinois,2019-06-20
EVT00652,ORG018,National Tournament Port Beverly 2019,Music,"Howard, Clark and Carter",California,2019-07-11
EVT00653,ORG006,Global Tournament Nicholasmouth 2020,Music,"Johnson, Patton and Robinson",California,2020-01-03
EVT00654,ORG016,World Awards Nicholsborough 2019,Festival,Ho-Richardson,Florida,2019-07-19
EVT00655,ORG002,City Expo Brittanyberg 2020,Business,Williams-Stewart,Texas,2020-10-30
EVT00656,ORG001,City Tournament Port Patrick 2020,Music,"Ware, Jones and Daugherty",California,2020-03-01
EVT00657,ORG019,Grand Championship Lake Michael 2019,Business,"Martinez, Sherman and Harper",New York,2019-03-26
EVT00658,ORG020,Global Concert Philipshire 2019,Festival,Gray-Williams,Florida,2019-10-27
EVT00659,ORG012,Ultimate Conference Port Miguel 2020,Sports,"Ballard, Evans and Thompson",Texas,2020-07-04
EVT00660,ORG011,City Awards Carriechester 2020,Sports,Franco Inc,Illinois,2020-08-02
EVT00661,ORG004,Grand Festival Jensenstad 2019,Business,Haas-Wright,Illinois,2019-04-26
EVT00662,ORG015,National Awards North Justin 2020,Business,Walters-Black,New York,2020-07-10
EVT00663,ORG019,Elite Summit North Williamton 2020,Business,Jackson-Silva,New York,2020-03-27
EVT00664,ORG009,Premier Concert Samanthaborough 2019,Sports,"Jones, Cox and Owens",Illinois,2019-04-15
EVT00665,ORG010,Ultimate Showcase North Matthewburgh 2020,Music,Elliott and Sons,Illinois,2020-04-05
EVT00666,ORG009,Annual Summit North Scottberg 2020,Music,Munoz PLC,Illinois,2020-03-25
EVT00667,ORG007,National Experience Anthonybury 2020,Music,West-Griffin,California,2020-08-25
EVT00668,ORG006,Grand Conference West Chelseaville 2019,Music,Wells and Sons,California,2019-06-19
EVT00669,ORG019,Global Experience Brockmouth 2019,Business,Lawrence LLC,New York,2019-07-31
EVT00670,ORG015,Ultimate Experience Rayfurt 2020,Business,Wright-Robinson,New York,2020-06-29
EVT00671,ORG010,National Concert Rosariostad 2019,Business,"Fritz, Cabrera and Mcdonald",Illinois,2019-06-22
EVT00672,ORG011,Ultimate Awards South Jacobhaven 2020,Sports,Ramos-Harper,Illinois,2020-08-09
EVT00673,ORG019,International Expo Macdonaldchester 2019,Theater,Eaton and Sons,New York,2019-04-08
EVT00674,ORG016,International Conference East Samuel 2019,Festival,Park-Rodriguez,Florida,2019-10-11
EVT00675,ORG016,National Summit Catherineland 2019,Festival,Olson-Rodriguez,Florida,2019-05-30
EVT00676,ORG003,City Conference Scottfort 2020,Business,"Garza, Lee and Fields",Texas,2020-02-07
EVT00677,ORG007,World Expo New Justinfurt 2020,Festival,Jenkins PLC,California,2020-10-04
EVT00678,ORG012,Annual Expo East Diane 2019,Sports,Long-Miller,Texas,2019-03-19
EVT00679,ORG020,National Tournament Sarahhaven 2019,Sports,Lewis-Harris,Florida,2019-10-12
EVT00680,ORG011,Grand Championship Baileytown 2019,Sports,"Carr, Rhodes and Smith",Illinois,2019-12-02
EVT00681,ORG014,National Festival East Anthonyside 2020,Music,White and Sons,California,2020-04-14
EVT00682,ORG015,Premier Expo Ericton 2020,Theater,"Wallace, Torres and Ortiz",New York,2020-02-12
EVT00683,ORG018,Ultimate Showcase Port Kayla 2020,Music,"Harris, Williams and Mitchell",California,2020-05-21
EVT00684,ORG020,Elite Experience Port Kenneth 2019,Music,Chavez LLC,Florida,2019-12-12
EVT00685,ORG006,City Showcase Kellyville 2020,Music,Williams-Sullivan,California,2020-08-02
EVT00686,ORG002,Global Festival Boothberg 2019,Business,Dyer-Hall,Texas,2019-02-19
EVT00687,ORG006,Annual Conference Theresaborough 2019,Music,Carroll Ltd,California,2019-01-17
EVT00688,ORG020,Global Expo East Angela 2020,Music,Aguirre-Clark,Florida,2020-04-12
EVT00689,ORG015,International Concert Harveyberg 2020,Business,Garner Ltd,New York,2020-12-06
EVT00690,ORG001,Annual Showcase Lake Staceyport 2019,Music,"Miller, Welch and Robbins",California,2019-10-08
EVT00691,ORG020,National Conference Bonillaside 2019,Music,"Martin, Walters and Lane",Florida,2019-03-26
EVT00692,ORG017,Ultimate Summit Andrewberg 2020,Sports,Jacobs-Davis,Texas,2020-02-10
EVT00693,ORG004,Annual Festival Stewartshire 2020,Sports,Solis and Sons,Illinois,2020-11-02
EVT00694,ORG011,City Festival Morristown 2019,Music,Bird Group,Illinois,2019-08-07
EVT00695,ORG017,Premier Awards Cohentown 2020,Sports,Chandler-Hobbs,Texas,2020-08-30
EVT00696,ORG018,Global Showcase Port Stevenside 2019,Music,Osborne Ltd,California,2019-01-10
EVT00697,ORG003,International Tournament Lake Donaldchester 2020,Sports,"Lopez, Smith and Oconnor",Texas,2020-03-08
EVT00698,ORG017,World Festival South Carmenfort 2019,Sports,"Avery, Hawkins and Graham",Texas,2019-08-23
EVT00699,ORG016,Annual Showcase Perezfurt 2019,Sports,"Williams, Newman and Flores",Florida,2019-04-15
EVT00700,ORG004,International Expo Port Marthastad 2019,Sports,Willis-Juarez,Illinois,2019-11-03
EVT00701,ORG013,International Festival Barbaraside 2020,Music,"Reynolds, Stephens and Velasquez",Illinois,2020-10-18
EVT00702,ORG015,Global Experience North Laura 2020,Theater,Baker-Vargas,New York,2020-07-30
EVT00703,ORG011,City Showcase New Phyllisport 2019,Business,Goodwin Ltd,Illinois,2019-06-18
EVT00704,ORG019,International Expo Richardborough 2019,Theater,James-Powell,New York,2019-08-07
EVT00705,ORG008,City Summit Lake Theresa 2020,Business,Swanson LLC,Texas,2020-12-04
EVT00706,ORG013,International Festival Port Dianamouth 2019,Music,Estrada and Sons,Illinois,2019-04-13
EVT00707,ORG002,National Expo North Donnafort 2020,Business,Bond-Sullivan,Texas,2020-01-29
EVT00708,ORG018,Premier Concert North Roberto 2019,Festival,Farmer-Barnett,California,2019-05-24
EVT00709,ORG003,Premier Awards Georgechester 2019,Business,"Freeman, Morrison and Warner",Texas,2019-03-28
EVT00710,ORG008,Grand Concert Port Tiffany 2020,Business,Garza Ltd,Texas,2020-09-06
EVT00711,ORG016,Ultimate Summit West Annestad 2019,Sports,Anderson Group,Florida,2019-01-28
EVT00712,ORG009,Elite Summit New Michellechester 2020,Business,"Pruitt, Pope and Ballard",Illinois,2020-09-13
EVT00713,ORG016,Ultimate Championship Lake John 2020,Sports,Solomon Group,Florida,2020-02-06
EVT00714,ORG014,World Festival Angelicabury 2020,Music,Schultz-Wilson,California,2020-05-21
EVT00715,ORG001,Grand Festival Davisburgh 2020,Music,"White, Bennett and Robinson",California,2020-05-26
EVT00716,ORG006,National Conference Hayesview 2020,Music,Austin-Wilson,California,2020-01-05
EVT00717,ORG016,World Showcase South Sarah 2020,Music,"Campbell, Garrison and Huang",Florida,2020-08-05
EVT00718,ORG009,International Tournament Lake Sandramouth 2020,Business,"Curry, Williamson and Harper",Illinois,2020-11-30
EVT00719,ORG013,Grand Festival Suttontown 2019,Music,Stephenson-Huber,Illinois,2019-01-18
EVT00720,ORG019,Premier Championship South Katrina 2019,Business,Allen and Sons,New York,2019-09-26
EVT00721,ORG002,Elite Concert New Tylerbury 2020,Sports,Gregory-Haney,Texas,2020-02-12
EVT00722,ORG017,Elite Expo Port Vanessaport 2020,Business,Wright-Juarez,Texas,2020-12-30
EVT00723,ORG014,World Festival Lake Sarah 2020,Music,Green-Stewart,California,2020-12-19
EVT00724,ORG014,Annual Concert Harveyberg 2019,Music,"Nelson, Thomas and Crane",California,2019-10-12
EVT00725,ORG019,Premier Conference West Tashaside 2020,Business,"Howard, Campbell and Foley",New York,2020-06-07
EVT00726,ORG004,World Experience South Allison 2019,Business,Perez-Smith,Illinois,2019-12-01
EVT00727,ORG017,Annual Concert Josephview 2020,Business,Diaz and Sons,Texas,2020-10-27
EVT00728,ORG006,Global Summit Jimmyview 2019,Music,Jones Group,California,2019-09-02
EVT00729,ORG013,Annual Tournament Kimberlyview 2020,Music,"Terrell, Peck and Miller",Illinois,2020-03-20
EVT00730,ORG013,Global Concert Allisonside 2020,Business,Martin-Mccarthy,Illinois,2020-09-15
EVT00731,ORG011,International Festival North Steven 2020,Business,"Gilbert, Ingram and Leonard",Illinois,2020-11-04
EVT00732,ORG014,International Championship Scottfurt 2020,Music,"Lara, Hoover and Meyer",California,2020-12-25
EVT00733,ORG016,National Awards Randallport 2020,Festival,Rodgers LLC,Florida,2020-05-23
EVT00734,ORG007,National Conference Williamsfurt 2019,Festival,Dean LLC,California,2019-06-20
EVT00735,ORG007,Global Showcase Lake Linda 2019,Festival,Gallagher-Gonzalez,California,2019-05-01
EVT00736,ORG012,Elite Festival Teresaborough 2019,Sports,"Bowman, Fleming and Stark",Texas,2019-10-06
EVT00737,ORG014,Grand Festival Danastad 2020,Festival,"Collins, Richmond and Moss",California,2020-12-30
EVT00738,ORG012,Elite Showcase Dannyside 2020,Sports,"Stewart, Osborne and Thompson",Texas,2020-04-11
EVT00739,ORG016,Grand Conference Franciscostad 2020,Festival,Robinson-Brock,Florida,2020-05-26
EVT00740,ORG002,Ultimate Festival Adkinsport 2019,Sports,"Mora, Kidd and Costa",Texas,2019-06-11
EVT00741,ORG003,Annual Summit Paulachester 2020,Business,"Allen, Robinson and Douglas",Texas,2020-11-21
EVT00742,ORG003,Global Championship Port Coltonberg 2020,Business,Powell LLC,Texas,2020-06-05
EVT00743,ORG014,Global Tournament Port Samanthafort 2019,Music,"Bell, Green and Valentine",California,2019-09-08
EVT00744,ORG001,International Conference East Justinton 2020,Festival,Reyes-Estrada,California,2020-01-28
EVT00745,ORG020,World Summit Sandyfort 2020,Festival,Webster LLC,Florida,2020-07-20
EVT00746,ORG014,World Showcase Randallberg 2019,Festival,Taylor LLC,California,2019-09-12
EVT00747,ORG011,Grand Showcase Jacksonberg 2019,Sports,Clay LLC,Illinois,2019-03-21
EVT00748,ORG008,Global Conference Mistyton 2020,Sports,Wolfe PLC,Texas,2020-05-29
EVT00749,ORG012,Global Expo Danaside 2020,Sports,Jimenez LLC,Texas,2020-06-12
EVT00750,ORG001,Ultimate Concert West Jeremy 2020,Music,"Lawrence, Whitehead and Robinson",California,2020-04-21
EVT00751,ORG017,Elite Tournament North Joshuaborough 2019,Sports,Becker and Sons,Texas,2019-03-30
EVT00752,ORG020,Premier Concert Michaelamouth 2020,Festival,Sanchez and Sons,Florida,2020-01-13
EVT00753,ORG020,Grand Summit Port Sydneystad 2019,Sports,Rodriguez LLC,Florida,2019-11-08
EVT00754,ORG016,Grand Tournament Lake Brianburgh 2020,Music,Warren-Patel,Florida,2020-01-13
EVT00755,ORG010,Premier Conference Tuckermouth 2020,Music,Shepherd-Molina,Illinois,2020-07-13
EVT00756,ORG008,Global Summit Simsstad 2020,Sports,Lewis Ltd,Texas,2020-02-24
EVT00757,ORG007,Global Showcase New Johnchester 2020,Festival,"Johnson, Jones and Crawford",California,2020-10-13
EVT00758,ORG016,World Concert Dickersonshire 2020,Festival,Smith-Taylor,Florida,2020-11-04
EVT00759,ORG019,Elite Summit Port Carrie 2019,Business,Richard and Sons,New York,2019-07-30
EVT00760,ORG013,Global Conference Rachelhaven 2020,Sports,Chambers-Ross,Illinois,2020-05-18
EVT00761,ORG004,Annual Championship New Zacharyport 2019,Business,"Garcia, Garcia and Bailey",Illinois,2019-10-14
EVT00762,ORG012,World Showcase Mendozabury 2020,Sports,"Willis, Lopez and Harper",Texas,2020-06-16
EVT00763,ORG008,Grand Festival North Mark 2019,Sports,Sherman Ltd,Texas,2019-03-28
EVT00764,ORG017,World Festival South Donald 2019,Business,Freeman-Mendoza,Texas,2019-05-17
EVT00765,ORG001,International Summit Wilsonville 2020,Music,"Jones, Cobb and Rice",California,2020-03-21
EVT00766,ORG010,National Expo Perezfort 2019,Sports,Brooks-Jones,Illinois,2019-09-25
EVT00767,ORG016,National Tournament New Jacobport 2019,Sports,"Lewis, Gonzales and Little",Florida,2019-12-01
EVT00768,ORG001,Annual Summit Darrenburgh 2019,Festival,Henderson-Jackson,California,2019-08-28
EVT00769,ORG010,Annual Conference Wongville 2020,Music,Fletcher-Williams,Illinois,2020-08-21
EVT00770,ORG005,City Tournament Lake Albertchester 2019,Music,Butler-Pearson,Illinois,2019-06-18
EVT00771,ORG005,Annual Awards West Brian 2020,Sports,Ramirez Ltd,Illinois,2020-02-21
EVT00772,ORG011,City Concert Leemouth 2019,Sports,Davis Group,Illinois,2019-08-01
EVT00773,ORG017,Annual Festival Andrewview 2019,Sports,"Davis, Watkins and Mcclure",Texas,2019-09-29
EVT00774,ORG015,Ultimate Experience West Christinaburgh 2020,Business,"Perry, Lewis and White",New York,2020-12-03
EVT00775,ORG011,National Conference Julieview 2019,Music,Hudson Ltd,Illinois,2019-08-09
EVT00776,ORG004,Premier Showcase East Sarahborough 2020,Music,Cardenas and Sons,Illinois,2020-12-29
EVT00777,ORG019,Global Concert Pamelaland 2020,Business,Hernandez Inc,New York,2020-06-09
EVT00778,ORG017,Global Expo East Johnton 2019,Sports,Smith-Walker,Texas,2019-06-28
EVT00779,ORG006,Elite Summit Port Markburgh 2020,Music,Fritz and Sons,California,2020-07-23
EVT00780,ORG012,Annual Conference West Marymouth 2020,Sports,"Shaw, Sullivan and Goodman",Texas,2020-04-18
EVT00781,ORG020,Global Summit Taylormouth 2019,Festival,Gilmore-May,Florida,2019-01-13
EVT00782,ORG005,World Showcase Lake Joseph 2019,Music,"Howell, Garcia and Thomas",Illinois,2019-07-22
EVT00783,ORG020,Annual Experience Williamsberg 2020,Sports,Sullivan-Lopez,Florida,2020-10-07
EVT00784,ORG008,Annual Championship Port Miguel 2019,Business,Gilbert PLC,Texas,2019-09-23
EVT00785,ORG007,City Conference Port Jason 2019,Music,Walsh and Sons,California,2019-07-22
EVT00786,ORG011,Annual Championship Rogerschester 2019,Music,Ford-Hernandez,Illinois,2019-12-06
EVT00787,ORG004,International Experience Nortonville 2019,Sports,Martinez Group,Illinois,2019-02-21
EVT00788,ORG004,City Championship Cowanland 2020,Sports,Park Ltd,Illinois,2020-02-09
EVT00789,ORG003,World Conference Gravestown 2020,Sports,Yates LLC,Texas,2020-11-30
EVT00790,ORG012,International Concert Davidchester 2019,Sports,Hurley PLC,Texas,2019-08-08
EVT00791,ORG017,International Championship West Katherineshire 2020,Sports,Morrison PLC,Texas,2020-04-01
EVT00792,ORG017,Grand Summit East Triciaberg 2020,Business,Kelley LLC,Texas,2020-09-26
EVT00793,ORG004,City Expo South Ryanmouth 2019,Business,Smith Group,Illinois,2019-10-30
EVT00794,ORG010,Global Festival Nunezmouth 2020,Business,"Knight, Bishop and Hunter",Illinois,2020-05-05
EVT00795,ORG003,International Expo Rodneyport 2020,Sports,Freeman LLC,Texas,2020-01-28
EVT00796,ORG001,Elite Summit Faulknerport 2020,Music,Harris-Cooper,California,2020-10-20
EVT00797,ORG017,Global Expo Lake Jackie 2020,Business,"Williamson, Diaz and Christian",Texas,2020-07-10
EVT00798,ORG005,City Awards Tonybury 2020,Business,Wilkinson-James,Illinois,2020-01-03
EVT00799,ORG008,Grand Awards North Joshuaville 2019,Sports,Madden Group,Texas,2019-12-19
EVT00800,ORG012,Ultimate Conference Michaelview 2020,Sports,"Hanna, Tran and Morales",Texas,2020-02-02
EVT00801,ORG012,Grand Summit West Amychester 2019,Sports,Lopez-Williams,Texas,2019-11-23
EVT00802,ORG020,Global Tournament Morganton 2019,Festival,Schroeder PLC,Florida,2019-10-15
EVT00803,ORG003,Grand Summit West Rachelchester 2020,Business,"Flores, Martinez and Lynch",Texas,2020-01-02
EVT00804,ORG001,Premier Summit North Melindaport 2019,Music,Morales Inc,California,2019-04-13
EVT00805,ORG014,Global Summit Hayeston 2020,Festival,Hale Group,California,2020-06-30
EVT00806,ORG008,National Conference Lake Donald 2020,Business,Gillespie Ltd,Texas,2020-02-02
EVT00807,ORG013,Grand Showcase East Michael 2019,Music,Dalton-Orozco,Illinois,2019-08-31
EVT00808,ORG001,Global Showcase Walkerberg 2020,Festival,Chandler Inc,California,2020-08-28
EVT00809,ORG015,International Experience Lake Ernest 2020,Theater,"Gutierrez, Landry and Newman",New York,2020-07-31
EVT00810,ORG014,Elite Concert Coxbury 2020,Music,"Calderon, Lopez and Russell",California,2020-05-19
EVT00811,ORG018,Global Festival Port Pattyland 2020,Music,Hudson PLC,California,2020-05-17
EVT00812,ORG020,Grand Summit Coopermouth 2019,Festival,Cardenas PLC,Florida,2019-08-27
EVT00813,ORG008,City Championship West Stephanie 2020,Sports,Moore Inc,Texas,2020-06-23
EVT00814,ORG017,Premier Conference West Jeffery 2020,Sports,"Howard, Smith and Henry",Texas,2020-09-20
EVT00815,ORG004,National Championship South Cody 2019,Sports,Young-White,Illinois,2019-07-01
EVT00816,ORG002,Grand Conference Robbinshaven 2019,Sports,Diaz Ltd,Texas,2019-06-01
EVT00817,ORG012,National Festival Port Brian 2020,Sports,Bryant LLC,Texas,2020-06-22
EVT00818,ORG015,World Experience Lake Lawrence 2020,Business,"Stewart, Calderon and Adams",New York,2020-12-22
EVT00819,ORG012,Ultimate Showcase Jonesshire 2019,Sports,Reyes LLC,Texas,2019-12-11
EVT00820,ORG005,World Tournament Myerstown 2019,Music,Bailey-Hartman,Illinois,2019-06-11
EVT00821,ORG015,International Awards West Richardtown 2019,Theater,"Banks, Smith and Jones",New York,2019-11-21
EVT00822,ORG012,National Summit Richardborough 2020,Business,Orozco LLC,Texas,2020-09-20
EVT00823,ORG018,Ultimate Concert Port Lisa 2020,Music,"Jones, Foster and Thomas",California,2020-01-23
EVT00824,ORG007,Global Experience Jonathantown 2019,Music,Smith and Sons,California,2019-07-01
EVT00825,ORG003,Global Conference New Loriville 2020,Sports,Proctor Group,Texas,2020-08-04
EVT00826,ORG014,Premier Experience West Johntown 2020,Festival,Herrera-Howard,California,2020-09-18
EVT00827,ORG007,International Showcase East David 2020,Music,Robinson-Ortiz,California,2020-05-23
EVT00828,ORG016,Premier Showcase Cruzshire 2019,Sports,"Barajas, Rivera and Cole",Florida,2019-03-21
EVT00829,ORG013,Annual Showcase Port Davidview 2019,Sports,Diaz Ltd,Illinois,2019-06-21
EVT00830,ORG019,Ultimate Summit Sarahside 2019,Business,Ramsey-Ramirez,New York,2019-01-12
EVT00831,ORG006,Annual Showcase New Trevorstad 2020,Music,Rogers-Duran,California,2020-12-10
EVT00832,ORG001,Global Championship Campbellview 2019,Festival,"Booth, Stewart and White",California,2019-04-21
EVT00833,ORG007,World Conference North Michael 2020,Music,Noble PLC,California,2020-03-24
EVT00834,ORG002,World Showcase Heatherland 2020,Sports,Crane and Sons,Texas,2020-05-19
EVT00835,ORG001,City Experience South Jennifer 2019,Music,"Key, Rivera and Meyer",California,2019-04-14
EVT00836,ORG020,Premier Conference Angelaland 2020,Sports,Robinson Ltd,Florida,2020-12-04
EVT00837,ORG015,Global Concert Ashleyland 2019,Business,Brooks-Bennett,New York,2019-03-17
EVT00838,ORG007,Ultimate Festival Chadhaven 2019,Music,Glenn-Shaw,California,2019-11-23
EVT00839,ORG008,International Expo Lauraview 2019,Sports,Espinoza LLC,Texas,2019-12-17
EVT00840,ORG015,Elite Festival Christensenville 2019,Business,Meyer-Wilson,New York,2019-03-18
EVT00841,ORG016,Grand Tournament North Alexisbury 2020,Music,Keller-Fletcher,Florida,2020-08-31
EVT00842,ORG014,International Experience South Johnmouth 2020,Music,Ross LLC,California,2020-03-17
EVT00843,ORG014,Global Festival Jessicatown 2019,Music,Browning Inc,California,2019-06-10
EVT00844,ORG008,Premier Expo West Juanbury 2019,Sports,Green Group,Texas,2019-07-30
EVT00845,ORG015,Elite Concert East Maria 2020,Theater,"Brown, Thomas and Lopez",New York,2020-07-21
EVT00846,ORG014,Premier Festival Nelsonhaven 2019,Festival,Lee Inc,California,2019-11-01
EVT00847,ORG007,Grand Awards East Ashley 2020,Music,Cross Group,California,2020-02-07
EVT00848,ORG017,Global Showcase East Victor 2019,Sports,"Huerta, Hubbard and Kennedy",Texas,2019-06-07
EVT00849,ORG020,Annual Concert Hughesberg 2020,Festival,Richard Ltd,Florida,2020-03-13
EVT00850,ORG007,Annual Championship Port Patrickchester 2019,Music,Horton Inc,California,2019-07-24
EVT00851,ORG015,Ultimate Festival Amyfort 2019,Business,Wright PLC,New York,2019-06-24
EVT00852,ORG019,Ultimate Expo East John 2019,Business,Vincent-Fowler,New York,2019-04-29
EVT00853,ORG010,Ultimate Festival Lisaborough 2020,Sports,Ramos LLC,Illinois,2020-05-15
EVT00854,ORG017,World Conference Kevinview 2020,Business,Mullins-Bautista,Texas,2020-07-11
EVT00855,ORG009,National Conference Wilcoxport 2020,Sports,Brown PLC,Illinois,2020-01-26
EVT00856,ORG012,Ultimate Tournament Curtisshire 2019,Sports,Bell PLC,Texas,2019-02-15
EVT00857,ORG003,Premier Concert Christophertown 2019,Sports,Newton-Briggs,Texas,2019-09-27
EVT00858,ORG007,Annual Festival Eugeneberg 2019,Music,Cooper and Sons,California,2019-06-04
EVT00859,ORG020,Elite Expo Joannland 2019,Sports,Rogers Group,Florida,2019-12-19
EVT00860,ORG004,Elite Championship New Cynthia 2019,Business,"Crawford, Mendez and Holmes",Illinois,2019-08-21
EVT00861,ORG003,World Awards Crystalbury 2020,Sports,Hoffman-Huber,Texas,2020-06-19
EVT00862,ORG001,Premier Tournament New Melissa 2020,Music,"Kennedy, Figueroa and Dean",California,2020-08-09
EVT00863,ORG012,World Championship East Katieton 2019,Sports,Smith LLC,Texas,2019-03-22
EVT00864,ORG015,Elite Experience North Mark 2020,Theater,Turner-Juarez,New York,2020-08-07
EVT00865,ORG015,International Festival East Bradleyburgh 2020,Theater,Rhodes Ltd,New York,2020-09-27
EVT00866,ORG004,International Summit Christopherstad 2019,Sports,Reyes PLC,Illinois,2019-06-27
EVT00867,ORG011,Global Expo North Evan 2019,Music,Rivera Group,Illinois,2019-05-10
EVT00868,ORG017,World Summit Cliffordshire 2020,Sports,Green Inc,Texas,2020-11-30
EVT00869,ORG009,Grand Concert Amandatown 2019,Business,Watson-Mckee,Illinois,2019-06-01
EVT00870,ORG009,Annual Expo South Albert 2019,Sports,"Summers, Suarez and Hogan",Illinois,2019-03-10
EVT00871,ORG009,Elite Showcase Emilyshire 2020,Business,Harris Group,Illinois,2020-02-11
EVT00872,ORG020,City Championship North Tammyport 2020,Music,"Walton, Griffin and Mendoza",Florida,2020-06-16
EVT00873,ORG020,Grand Awards East Brittany 2020,Sports,Lee-Santos,Florida,2020-09-30
EVT00874,ORG015,World Conference Port Scottfort 2019,Business,Hoffman LLC,New York,2019-04-26
EVT00875,ORG003,Grand Experience North Danielborough 2020,Sports,Anderson Ltd,Texas,2020-08-03
EVT00876,ORG004,Grand Festival Marcberg 2019,Music,Cole-Bennett,Illinois,2019-04-19
EVT00877,ORG012,National Expo Hollowaystad 2020,Sports,"Bell, Foster and Smith",Texas,2020-07-02
EVT00878,ORG014,City Experience Andrewsview 2020,Festival,Ramirez LLC,California,2020-01-28
EVT00879,ORG014,International Concert Whitakerburgh 2019,Music,"Reynolds, Mitchell and Klein",California,2019-02-08
EVT00880,ORG007,Grand Experience North Troy 2019,Music,Bates-Tran,California,2019-05-28
EVT00881,ORG017,World Championship Joshuatown 2020,Business,Jackson-Edwards,Texas,2020-12-11
EVT00882,ORG015,Premier Championship South Gordon 2019,Business,"Olson, Long and Lane",New York,2019-12-06
EVT00883,ORG005,Ultimate Showcase South Victoria 2020,Business,Mcintyre and Sons,Illinois,2020-05-01
EVT00884,ORG013,Ultimate Concert Robertfurt 2019,Music,Strickland-Gray,Illinois,2019-12-12
EVT00885,ORG007,Annual Summit Mirandashire 2020,Festival,Jackson-Harrison,California,2020-05-18
EVT00886,ORG004,City Showcase West Ryan 2019,Music,Brown-Ibarra,Illinois,2019-11-04
EVT00887,ORG010,Grand Festival Lake Gloriaborough 2020,Sports,Palmer Ltd,Illinois,2020-03-02
EVT00888,ORG017,Premier Expo Pachecoton 2020,Sports,Blanchard-Patel,Texas,2020-03-28
EVT00889,ORG004,Elite Showcase North Daniellehaven 2020,Business,"Orr, Carter and Hoover",Illinois,2020-05-11
EVT00890,ORG018,International Festival Jacobburgh 2020,Music,"Moore, White and Wilson",California,2020-06-11
EVT00891,ORG003,Elite Expo Rodriguezstad 2020,Sports,Rollins Inc,Texas,2020-12-27
EVT00892,ORG009,Grand Championship South Christian 2020,Music,Beck LLC,Illinois,2020-06-20
EVT00893,ORG005,Premier Championship Buckleyton 2019,Music,"Oliver, Jones and Jackson",Illinois,2019-07-17
EVT00894,ORG007,City Championship Parkerborough 2019,Music,Terry-Brown,California,2019-02-03
EVT00895,ORG002,Premier Concert Galvanville 2020,Sports,"Hicks, Hamilton and Ellison",Texas,2020-12-22
EVT00896,ORG005,Elite Expo New Robertville 2020,Sports,"Dodson, Levine and Singh",Illinois,2020-04-20
EVT00897,ORG003,Global Summit Osborneville 2019,Business,Smith-Walsh,Texas,2019-05-07
EVT00898,ORG015,Grand Tournament New Scottview 2020,Business,May-Smith,New York,2020-05-15
EVT00899,ORG015,Grand Awards Cherylberg 2020,Business,Jensen-Chapman,New York,2020-04-30
EVT00900,ORG011,International Concert Leeshire 2019,Sports,Ellis-Johnson,Illinois,2019-12-19
EVT00901,ORG019,Annual Concert South Juan 2020,Theater,"Lopez, Young and Wright",New York,2020-12-06
EVT00902,ORG002,Global Conference Kevinville 2020,Sports,"Gallagher, Cunningham and Roberson",Texas,2020-01-31
EVT00903,ORG017,Premier Summit Fieldsville 2019,Business,Mason Group,Texas,2019-08-08
EVT00904,ORG018,World Awards Jordanbury 2019,Music,"Harris, Fox and White",California,2019-10-03
EVT00905,ORG001,Global Tournament Rebeccaland 2020,Music,"King, Anderson and Jackson",California,2020-11-29
EVT00906,ORG004,International Experience Ellenfort 2020,Music,"Harris, Booth and Banks",Illinois,2020-10-24
EVT00907,ORG001,Ultimate Experience Port Tina 2019,Music,Mckenzie LLC,California,2019-08-18
EVT00908,ORG010,Ultimate Expo Sharimouth 2020,Sports,"Moore, Savage and Goodman",Illinois,2020-12-30
EVT00909,ORG006,City Concert Melissastad 2019,Music,Rodriguez-Johnson,California,2019-12-24
EVT00910,ORG013,Ultimate Awards Acostaland 2020,Music,Proctor PLC,Illinois,2020-04-22
EVT00911,ORG006,Annual Championship Timothyfort 2020,Music,"Coleman, Long and Dudley",California,2020-08-21
EVT00912,ORG004,National Awards East Michelle 2020,Business,"Brooks, Fernandez and Cook",Illinois,2020-11-09
EVT00913,ORG006,Annual Tournament West Shawnville 2019,Festival,Kelly PLC,California,2019-11-02
EVT00914,ORG015,Ultimate Showcase South Gabrielleton 2019,Business,Patton-Richardson,New York,2019-12-11
EVT00915,ORG010,Ultimate Summit Galvanborough 2019,Sports,"Medina, Burns and Ward",Illinois,2019-09-25
EVT00916,ORG007,Premier Championship South Edgarhaven 2020,Music,"Campbell, Duncan and Gomez",California,2020-06-13
EVT00917,ORG001,National Conference New Donaldburgh 2020,Music,Thompson and Sons,California,2020-11-07
EVT00918,ORG013,City Concert Davidland 2019,Business,Cantrell-Nichols,Illinois,2019-01-27
EVT00919,ORG013,World Expo East Jennifer 2020,Sports,"Kim, Perez and Cooper",Illinois,2020-03-04
EVT00920,ORG004,Grand Experience East Patrick 2019,Business,Meyer PLC,Illinois,2019-02-06
EVT00921,ORG017,Premier Awards Ianburgh 2019,Sports,"Adams, Simmons and Nelson",Texas,2019-12-18
EVT00922,ORG008,National Awards Jaimechester 2020,Business,Johnson and Sons,Texas,2020-05-02
EVT00923,ORG013,Elite Conference Garciaside 2019,Sports,Cooke-Gonzalez,Illinois,2019-06-24
EVT00924,ORG013,City Conference Lake Melissaberg 2019,Sports,Knight-Mendoza,Illinois,2019-04-10
EVT00925,ORG004,Elite Conference Amandatown 2019,Business,Petersen Group,Illinois,2019-09-22
EVT00926,ORG015,Annual Summit Lake Denise 2019,Theater,"Martin, Martinez and Gallagher",New York,2019-12-10
EVT00927,ORG015,Ultimate Expo North Alexanderhaven 2019,Business,Austin-Cortez,New York,2019-08-17
EVT00928,ORG018,Ultimate Experience Lake Amber 2020,Festival,Matthews-Zavala,California,2020-01-16
EVT00929,ORG010,Annual Tournament Anthonyport 2020,Sports,Herring LLC,Illinois,2020-04-19
EVT00930,ORG004,Grand Experience Watsonside 2020,Music,Fields-Mccarty,Illinois,2020-10-11
EVT00931,ORG012,City Summit Nolanland 2019,Business,"Steele, Baker and Anderson",Texas,2019-03-14
EVT00932,ORG013,World Awards New Jenniferstad 2019,Business,"Stein, Avila and Harris",Illinois,2019-05-03
EVT00933,ORG015,Global Conference Port Victoriafort 2020,Business,Sims Group,New York,2020-02-28
EVT00934,ORG011,National Expo Zacharychester 2019,Music,"Lloyd, Robinson and Mccoy",Illinois,2019-07-25
EVT00935,ORG006,National Conference North Shanemouth 2019,Music,"Schneider, Hardin and Sullivan",California,2019-05-27
EVT00936,ORG015,National Conference Jorgetown 2020,Business,"Cunningham, Hester and Strong",New York,2020-05-14
EVT00937,ORG014,Global Championship South Bryan 2020,Festival,Jackson Inc,California,2020-10-11
EVT00938,ORG018,Premier Conference Lake Gary 2019,Music,"Mann, Norris and Lawrence",California,2019-10-08
EVT00939,ORG010,City Festival Tashachester 2019,Business,Chan-Chavez,Illinois,2019-06-12
EVT00940,ORG013,World Expo Normanville 2020,Music,Richards-Contreras,Illinois,2020-09-21
EVT00941,ORG016,City Expo Melindaburgh 2020,Music,"Duffy, Silva and Rivas",Florida,2020-03-15
EVT00942,ORG015,Elite Summit Yuton 2019,Business,Vaughn and Sons,New York,2019-02-08
EVT00943,ORG001,National Awards West Josephchester 2019,Festival,Soto Group,California,2019-01-15
EVT00944,ORG008,Global Summit Lake Annette 2019,Sports,"Campbell, Brown and Thomas",Texas,2019-01-19
EVT00945,ORG013,National Concert East Karenbury 2020,Music,"Clark, Howell and Gonzalez",Illinois,2020-12-11
EVT00946,ORG013,World Awards Hillhaven 2019,Music,"Burns, Hernandez and Lindsey",Illinois,2019-04-16
EVT00947,ORG015,International Festival North Zacharyview 2019,Theater,Carter and Sons,New York,2019-11-10
EVT00948,ORG010,Ultimate Tournament East Aaron 2019,Music,Wright Group,Illinois,2019-11-02
EVT00949,ORG003,Grand Awards Davisburgh 2020,Business,Martinez-Duncan,Texas,2020-06-16
EVT00950,ORG020,International Showcase North Tyronefort 2020,Music,Patterson-Turner,Florida,2020-03-20
EVT00951,ORG006,Premier Conference Josephborough 2020,Music,"Evans, Mendez and Nelson",California,2020-01-03
EVT00952,ORG006,Premier Summit Port Lisa 2019,Music,Turner Inc,California,2019-01-20
EVT00953,ORG019,Premier Championship South David 2019,Theater,Price LLC,New York,2019-05-15
EVT00954,ORG014,National Championship Ricestad 2019,Music,"Johnson, Ortiz and Barry",California,2019-05-07
EVT00955,ORG019,Ultimate Awards South Ryanstad 2020,Business,Hernandez and Sons,New York,2020-10-17
EVT00956,ORG013,Grand Championship Joshuamouth 2019,Business,Lambert-Gonzalez,Illinois,2019-02-19
EVT00957,ORG001,Global Championship West Emilyburgh 2020,Music,Hamilton-Booth,California,2020-10-31
EVT00958,ORG020,World Tournament Brooksshire 2019,Sports,Mcdonald-Hale,Florida,2019-04-29
EVT00959,ORG008,Elite Concert Burtonshire 2019,Sports,Myers-Clark,Texas,2019-05-07
EVT00960,ORG017,International Summit Margaretbury 2020,Sports,Fernandez-Wolfe,Texas,2020-12-19
EVT00961,ORG010,Global Concert Markberg 2020,Business,"Mills, Long and Black",Illinois,2020-12-03
EVT00962,ORG018,Annual Awards North Timothy 2020,Music,"Jenkins, Smith and Porter",California,2020-11-08
EVT00963,ORG015,Grand Conference Alexanderburgh 2020,Business,Ferguson and Sons,New York,2020-09-29
EVT00964,ORG006,Elite Experience Thompsonchester 2019,Music,"Guzman, Little and Tanner",California,2019-04-18
EVT00965,ORG005,Annual Festival Davidsonland 2019,Music,Mendez-Cunningham,Illinois,2019-10-17
EVT00966,ORG002,Grand Summit West Joelfort 2019,Sports,Miller Ltd,Texas,2019-07-23
EVT00967,ORG012,Premier Showcase New Joanshire 2020,Sports,"Burke, Rodriguez and Hopkins",Texas,2020-06-19
EVT00968,ORG015,Ultimate Conference Port Charlesberg 2020,Theater,Nelson-Woods,New York,2020-02-24
EVT00969,ORG020,City Summit Port Ashley 2020,Festival,Adkins and Sons,Florida,2020-07-15
EVT00970,ORG017,National Summit New Donna 2020,Business,Madden LLC,Texas,2020-05-07
EVT00971,ORG015,Annual Festival Gilmorehaven 2019,Business,"Pineda, Day and Stephens",New York,2019-01-14
EVT00972,ORG012,City Conference Meganbury 2020,Business,"Gallagher, Aguirre and Barnes",Texas,2020-11-16
EVT00973,ORG019,Annual Festival West Nicole 2020,Business,"Jordan, Reed and Miller",New York,2020-06-07
EVT00974,ORG004,Premier Tournament Deckertown 2020,Sports,Moody LLC,Illinois,2020-10-21
EVT00975,ORG008,City Championship West Heatherside 2019,Sports,"Arnold, Hawkins and Mendez",Texas,2019-09-28
EVT00976,ORG011,Global Concert North Angela 2019,Music,"Mullen, Perez and Bass",Illinois,2019-06-28
EVT00977,ORG002,National Expo North Kevinchester 2020,Sports,Moore Group,Texas,2020-11-24
EVT00978,ORG017,Annual Championship Boydview 2019,Business,Friedman PLC,Texas,2019-04-29
EVT00979,ORG004,International Showcase Quinnview 2019,Music,Klein LLC,Illinois,2019-05-22
EVT00980,ORG019,Grand Concert Port Kevintown 2020,Business,Logan-Price,New York,2020-03-24
EVT00981,ORG012,National Showcase Port Tracy 2019,Business,"Gardner, Armstrong and Smith",Texas,2019-04-06
EVT00982,ORG018,World Expo Jacksonside 2019,Music,Rubio Inc,California,2019-04-27
EVT00983,ORG005,World Tournament Schaeferberg 2019,Sports,"Nixon, Russo and Herrera",Illinois,2019-10-06
EVT00984,ORG015,International Festival East Lynn 2020,Business,Gonzalez-Myers,New York,2020-10-26
EVT00985,ORG004,Global Conference South Ryan 2020,Music,Nguyen LLC,Illinois,2020-12-13
EVT00986,ORG014,Grand Tournament Phamshire 2020,Music,Bell Group,California,2020-03-02
EVT00987,ORG005,City Conference West Dylan 2020,Business,Bond LLC,Illinois,2020-11-25
EVT00988,ORG013,National Experience South Frank 2020,Business,Henry Group,Illinois,2020-01-24
EVT00989,ORG003,International Tournament Beckerport 2020,Sports,Herrera Group,Texas,2020-12-01
EVT00990,ORG014,World Tournament East Briannaville 2019,Music,Martinez PLC,California,2019-04-26
EVT00991,ORG019,Ultimate Showcase Port Gabriella 2019,Business,Hamilton PLC,New York,2019-03-06
EVT00992,ORG016,Elite Experience Lake Morganland 2020,Festival,"Navarro, Hicks and Rodriguez",Florida,2020-12-22
EVT00993,ORG018,National Awards West Deanna 2020,Music,"Hood, Evans and Price",California,2020-11-16
EVT00994,ORG008,Grand Festival East Jamesburgh 2020,Business,Norman-Lee,Texas,2020-12-05
EVT00995,ORG005,Premier Tournament Port Maryburgh 2020,Sports,Vance Inc,Illinois,2020-11-08
EVT00996,ORG014,World Conference Franklinport 2020,Festival,Clayton Group,California,2020-11-10
EVT00997,ORG007,International Awards New Samantha 2019,Music,"Warner, Martinez and Salas",California,2019-01-12
EVT00998,ORG003,International Festival Brooksfurt 2020,Sports,Kim Group,Texas,2020-05-22
EVT00999,ORG013,Premier Showcase New Timothyton 2019,Sports,Myers Inc,Illinois,2019-11-25
EVT01000,ORG017,Elite Summit Harrisonton 2019,Sports,Oneal-Lynn,Texas,2019-02-21
